"question","answer","Questions","Answers","questions","answers"
"What is intimation under Section 143(1)?","Intimation refers to the processing of returns by the Centralised Processing Centre (CPC). In this, all Income-tax returns filed under Section 139 or in response to a notice under Section 142(1) are processed to verify and fix the arithmetical errors, apparent errors, tax calculation, and tax payments. At this stage, no verification of the income is undertaken.","","","",""
"Which adjustments shall be made by CPC to compute total income or loss while processing the ITR?","Income-tax return is processed to compute total income or loss after making the following adjustments: (a) Any arithmetical error in the return; (b) An incorrect claim apparent from any information in the return; (c) Any such inconsistency in the return with respect to the information in the return of any preceding previous year, as may be prescribed; (d) Disallowance of loss claimed if the return of the previous year for which set-off of loss is claimed was furnished beyond the due date; (e) Disallowance of expenditure or increase in income indicated in the audit report but not considered in computing the total income in return; (f) Disallowance of deduction claimed under Section 10AA or Chapter VIA if the return of income is furnished beyond the specified due date.","","","",""
"What is the meaning of an incorrect claim?","'An incorrect claim apparent from any information in the return' means a claim on the basis of an entry in the Income-tax return: (a) Which is inconsistent with another entry of the same or some other item in such return; (b) In respect of which, information required to be furnished to substantiate such claim, has not been furnished; (c) In respect of a deduction, where such deduction exceeds specified statutory limit which may have been expressed as monetary amount or percentage or ratio or fraction.","","","",""
"What is the time limit to issue intimation under section 143(1)?","Intimation is required to be issued within 9 months from the end of the financial year in which the return is furnished by the assessee.","","","",""
"What is the time limit allowed to the assessee to explain and rectify the arithmetical error or incorrect claim found by the CPC?","Before making any adjustment, an opportunity shall be provided to the assessee to explain and rectify the arithmetical error or incorrect claim within 30 days from the date of issue of intimation.","","","",""
"How to submit the response against the adjustment made by the CPC?","The response against the adjustment made by CPC has to be submitted through the e-filing account of the assessee without any need to visit the income tax department.","","","",""
"When is interest under Section 234A levied?","Interest under section 234A shall be levied if the Income-tax return is furnished after the due date or is not furnished.","","","",""
"What is the rate of interest that shall be charged under Section 234A?","Simple interest shall be charged at the rate of 1% per month or part thereof.","","","",""
"Which period shall be considered for interest under Section 234A if the return is furnished belatedly?","If the return is furnished after the due date specified in section 139(1), interest is charged from the day immediately following the due date until the date the return is furnished. Circular No. 2/2015 clarifies that no interest under section 234A is chargeable on self-assessment tax paid before the due date.","","","",""
"Which period shall be considered for interest under Section 234A if the return is not furnished?","If the return is not furnished, interest is charged from the day immediately following the due date until the date of completion of best judgment assessment.","","","",""
"Which period shall be considered for interest under section 234A if the return is furnished belatedly in re-assessment?","Where return is required under notice u/s 148 but furnished after the allowed time, interest is charged from the day immediately following expiry of time allowed until the date of furnishing return. Interest is charged on the excess tax determined under reassessment over completed assessment.","","","",""
"Which period shall be considered for interest under Section 234A if the return is not furnished in re-assessment?","Where return is required under notice u/s 148 but not furnished, interest is charged from the day immediately following expiry of time allowed until completion of reassessment. Interest applies on excess tax determined under reassessment over completed assessment.","","","",""
"Which period shall be considered for interest under Section 234A if the return is not furnished and an updated return is filed?","If original return is not furnished and an updated return is filed, interest is charged on self-assessment tax payable on updated return income, from the day immediately following original due date until the updated return filing date.","","","",""
"Which period shall be considered for interest under section 234A if the return is furnished and an updated return is also filed?","An assessee is not required to pay interest at the time of furnishing updated return if original/revised/belated return has already been filed for that year.","","","",""
"Whether interest under Section 234A shall be levied on the additional income tax payable under Section 140B?","No.","","","",""
"When is interest under Section 234B levied?","Interest under section 234B shall be levied if the assessee is liable to pay advance tax but fails to pay it or pays less than 90% of the assessed tax.","","","",""
"What is the meaning of assessed tax?","'Assessed tax' means tax on total income determined in assessment, reduced by TDS/TCS, MAT or AMT credit, relief under section 89, and foreign tax credit under sections 90, 90A, or 91.","","","",""
"What is the rate of interest that shall be charged under Section 234B?","Simple interest shall be charged at the rate of 1% per month or part thereof.","","","",""
"Which amount shall be considered to calculate interest under Section 234B if advance tax is not paid?","If advance tax is not paid, interest is charged on the whole amount of tax computed on total income.","","","",""
"Which amount shall be taken to calculate interest under Section 234B if the advance tax paid is less than 90% of the assessed tax?","Interest is charged on assessed tax minus advance tax paid. If self-assessment tax is paid u/s 140A, interest is computed up to payment date on shortfall, and thereafter on remaining shortfall.","","","",""
"Which period shall be considered for interest under section 234B if self-assessment tax is not paid?","If self-assessment tax is not paid, interest is charged from April 1 of the assessment year until determination u/s 143(1) or regular assessment date. If no additions are made, interest is charged till return filing date.","","","",""
"Which period shall be considered for interest under Section 234B if self-assessment tax is paid?","Interest is computed for two periods: (1) April 1 to date of self-assessment tax payment, and (2) from payment date to completion of assessment if liability increases.","","","",""
"Which period shall be considered for interest under Section 234B in case of re-assessment without regular assessment?","If assessment is first made u/s 147, interest is payable from April 1 of assessment year till date of assessment order.","","","",""
"Which period shall be considered for interest under Section 234B in case of re-assessment after the regular assessment?","If proceedings u/s 147 start after tax determination u/s 143(1) or 143(3), interest is levied from April 1 till reassessment order. Interest applies on tax determined in reassessment minus earlier assessed tax.","","","",""
"Whether interest under Section 234B shall be levied on the amount of additional income tax payable under Section 140B?","No.","","","",""
"What are the due dates for payment of advance tax?","Advance tax is payable in four instalments: 15% by June 15, 45% by September 15, 75% by December 15, and 100% by March 15. Any tax paid on or before March 31 is also treated as advance tax.","","","",""
"When interest under Section 234C shall be levied?","Interest u/s 234C is levied if advance tax instalments are less than prescribed percentages: less than 12% by June 15, less than 36% by September 15, less than 75% by December 15, or less than 100% by March 15.","","","",""
"What is the due date for payment of advance tax if the assessee has opted presumptive taxation scheme under Sections 44AD or 44ADA?","Assessee opting presumptive taxation u/s 44AD or 44ADA can pay the entire advance tax liability in one instalment on or before March 15.","","","",""
"When shall interest under Section 234C be charged if the assessee has opted presumptive taxation scheme of Sections 44AD or 44ADA?","Interest u/s 234C is levied if advance tax paid on or before March 15 is less than 100% of advance tax payable.","","","",""
"How to calculate interest under section 234C?","Interest is payable on shortfall for: 3 months if tax paid by June 15 is less than 12%; 3 months if paid by Sept 15 is less than 36%; 3 months if paid by Dec 15 is less than 75%; and 1 month if paid by March 15 is less than 100%.","","","",""
"How to calculate interest under Section 234C if the assessee has opted presumptive taxation scheme of Section 44AD or 44ADA?","If advance tax paid by March 15 is less than 100% of assessed tax, simple interest at 1% is charged for 1 month on the shortfall amount.","","","",""
"What are the exceptional cases where a shortfall in payment of advance tax shall be ignored for calculation of interest under section 234C?","Shortfall is ignored if due to underestimation of capital gains, lottery/gambling winnings, first-time business/profession income accrual, or dividend income, provided tax is paid in remaining instalments or before year-end.","","","",""
"When is interest under Section 234D levied?","Interest u/s 234D is levied if refund granted under summary assessment is later found not due or excess on completion of regular assessment.","","","",""
"What is the rate of interest that shall be charged under Section 234D?","Simple interest shall be charged at the rate of 0.5% per month or part thereof.","","","",""
"Which amount shall be taken to calculate interest under Section 234D?","Interest is charged on the whole refund amount if no refund is due, or on the excess refund amount if refunded amount exceeds regular assessment refund.","","","",""
"Which period shall be considered for interest under Section 234D?","Interest is charged from the date of grant of refund on summary assessment u/s 143(1) until completion of regular assessment.","","","",""
"What are the salient features of ‘E-Proceedings’ functionality on the ‘e-filing’ portal of the Income Tax department?","The Income Tax Department launched the e-proceeding facility to conduct assessment proceedings electronically. Notices, questionnaires, intimations, orders, and communications are sent directly to the taxpayer’s registered e-filing account. Taxpayers can upload responses and attachments online without visiting the office. This makes proceedings faceless, paperless, jurisdiction-less, and available 24x7.","","","",""
"How does the new ‘Faceless Assessments’ system under Section 144B differ from the conventional manual mode of assessments?","In conventional assessments, notices were served physically and taxpayers or representatives submitted responses in person with hard copies. Under faceless assessments u/s 144B, all communications are electronic through the taxpayer’s e-filing account, responses are uploaded online, and there is no personal interaction with the assessing officer. The key difference is physical interface versus electronic interface.","","","",""
"Which are the different Income Tax Units under the new ecosystem of Faceless Assessments under Section 144B?","The units under faceless assessments u/s 144B are: (a) National Faceless Assessment Centre, (b) Assessment Unit, (c) Technical Unit, (d) Verification Unit, and (e) Review Unit.","","","",""
"Which Income Tax Unit will do all the electronic communication/interface with the assessee under the New Scheme of Faceless Assessments under Section 144B?","The National Faceless Assessment Centre will handle all electronic communication/interface with the assessee under Section 144B.","","","",""
"Where can I see if any query has been raised against my response given against an adjustment made under Section 143(1)(a)?","You can view queries raised by the Income Tax Department under e-Proceedings on the e-filing portal.","","","",""
"What notices/orders can I respond to under e-Proceedings?","All notices/intimations/letters issued by CPC or the Income Tax Department can be responded to under e-Proceedings, including defective notice u/s 139(9), intimation u/s 245, prima facie adjustment u/s 143(1)(a), suo-moto rectification u/s 154, scrutiny notices u/s 143(2)/142(1)/148, and seek clarification u/s 133(6).","","","",""
"What is the permissible size of files that can be uploaded in the response window?","Maximum size for a single attachment is 5 MB. Multiple documents can be uploaded as a zipped folder up to 50 MB. If size exceeds limits, documents should be optimized or compressed.","","","",""
"Do I need to log in to the e-Filing portal to view and submit a response?","Yes, you must log in to the e-Filing portal to view and submit a response using the e-Proceedings service.","","","",""
"Do I need to e-Verify the response/submission made using the e-Proceedings service?","Yes, you are required to e-Verify the response submitted through e-Proceedings.","","","",""
"I have 4 days left before the proceeding limitation date. Why am I unable to submit my response?","The submit response option is available only till 7 days prior to the proceeding limitation date up to 6 PM. The Income Tax Authority may also close the submission option, though it can be re-enabled at their discretion.","","","",""
"Can I view the response I have submitted to the notice issued to me?","Yes, you can view the response submitted by you or your authorized representative.","","","",""
"Can I edit my response after responding to a notice on the e-Filing portal?","No, once a response is submitted, it cannot be edited.","","","",""
"Can I respond to a seek clarification notice without logging on to the e-Filing portal?","No, you must log in to view and respond to seek clarification communication.","","","",""
"Can somebody else on my behalf respond to the notices issued to me using the e-Proceedings service?","Yes, you can add an authorized representative to respond on your behalf, except for Intimation under Section 245.","","","",""
"Can I remove an already added/existing Authorized Representative?","Yes, you can remove or withdraw the authorized representative.","","","",""
"Can I add two Authorized Representatives to respond to the notice issued to me?","No, only one active authorized representative is allowed at a time for a proceeding.","","","",""
"How do I know if there is any outstanding demand pending against my PAN?","Log in to the e-Filing portal and go to Pending Actions > Response to Outstanding Demand. If demands exist, options will show as Pending Payment/Response where you can Pay Now or Submit Response.","","","",""
"Why do I need to submit a response to an outstanding demand?","The department provides an opportunity to confirm whether the demand is correct. If you do not respond, the demand may be confirmed and adjusted against refunds or shown as payable demand.","","","",""
"What can I do if I disagree with the amount of outstanding demand?","Select ‘Disagree with Demand (Either in Full or Part)’, choose the reasons for disagreement, provide details, and submit the response. If partially disagreeing, pay the undisputed portion first.","","","",""
"What can I do if the reason for disagreement with the outstanding demand is not listed?","Select ‘Others’ as the reason and enter the required details for disagreement.","","","",""
"Where can I view the past responses I have submitted?","Log in and go to Pending Actions > Response to Outstanding Demand. Click ‘View’ against a demand where at least one response has already been submitted.","","","",""
"While selecting reasons on the Response to Outstanding Demand page, I get the message “No records found for revised/rectified return”. What can I do?","Try again. If the issue persists, validate the acknowledgement number received after submission of rectification or revised return request.","","","",""
"How do I pay the outstanding tax demand?","You can pay through the e-Filing portal by clicking ‘Pay Now’ for the respective Demand Reference Number (DRN) on the Response to Outstanding Demand page, or while submitting your response if you agree/partially agree.","","","",""
"What are the different ways in which I can make the payment?","Online payment methods include net-banking, debit card, payment gateway (credit/debit/UPI). Offline methods include NEFT/RTGS using mandate form, or paying over the counter via cash/cheque/demand draft.","","","",""
"What if I do not have the copy of the challan to be attached? Where can I find it?","You can reprint or regenerate the challan from your bank’s net banking portal or visit the bank branch.","","","",""
"When do I need to submit a rectification request?","Rectification can be submitted if there is a mistake apparent from record in an intimation u/s 143(1) or order u/s 154. It can be filed only for returns already processed by CPC.","","","",""
"What kinds of errors can be corrected by submitting a rectification request?","Rectification is for mistakes apparent from record such as tax liability mismatch, incorrect income head, set-off errors, deduction errors under Chapter VI-A, MAT/AMT credit issues, or personal info corrections. It should not be used for changing bank or address details, which require revised return.","","","",""
"What are the different request types for income tax rectification?","Rectification request types include: Reprocess Return, Tax Credit Mismatch Correction, Additional Information for Section 234C Interest, Status Correction (till AY 2018-19)","","","",""
"When penalty under Section 221 shall be imposed?","Penalty under Section 221 shall be imposed if an assessee is in default or is deemed to be in default in payment of tax.","","","",""
"What is the amount of penalty levied under section 221?","Such amount as the Assessing Officer may impose, subject to a maximum limit of tax in arrears.","","","",""
"When penalty under Section 270A may be imposed?","Penalty under Section 270A may be imposed for under-reporting and misreporting of income (not being unexplained income).","","","",""
"What is under-reporting of income?","Under-reporting occurs when income assessed is higher than income declared/processed, income exceeds exemption limit when no return is filed, reassessed income exceeds earlier assessed income, or assessed income reduces loss or converts loss into income (including MAT/AMT cases).","","","",""
"What is misreporting of income?","Misreporting includes misrepresentation or suppression of facts, failure to record investments or receipts, claim of expenditure without evidence, false entries in books, and failure to report international or specified domestic transactions under Chapter X.","","","",""
"What is the amount of penalty levied under section 270A?","Penalty is 50% of tax payable on under-reported income. If under-reporting is due to misreporting, penalty is 200% of tax payable on under-reported income.","","","",""
"When penalty under Section 271A may be imposed?","Penalty under Section 271A may be imposed if a person fails to keep and maintain books of account and documents as required under Section 44AA or fails to retain them for 6 years.","","","",""
"What is the amount of penalty levied under section 271A?","Rs. 25,000.","","","",""
"When penalty under Section 271AA may be imposed?","Penalty under Section 271AA may be imposed for failure to maintain or report documents/information under Section 92D for international or specified domestic transactions, or furnishing incorrect information.","","","",""
"What is the amount of penalty levied under section 271AA?","Penalty is 2% of the value of each international or specified domestic transaction. For failure under Section 92D(4), penalty of Rs. 5,00,000 may be imposed.","","","",""
"When penalty under Section 271AAA shall be imposed?","Penalty under Section 271AAA applies where a search was initiated before 1-7-2012 and undisclosed income is found.","","","",""
"What is the amount of penalty levied under section 271AAA?","10% of undisclosed income.","","","",""
"When penalty under Section 271AAB(1) may be imposed?","Penalty under Section 271AAB(1) applies where a search was initiated on or after 1-7-2012 but before 15-12-2016 and undisclosed income is found.","","","",""
"What is the amount of penalty levied under section 271AAB(1)?","10% if income is admitted and tax+interest paid by specified date; 20% if not admitted but declared and paid; 60% in other cases.","","","",""
"When penalty under Section 271AAB(1A) may be imposed?","Penalty under Section 271AAB(1A) applies where a search is initiated on or after 15-12-2016 and undisclosed income is found (not applicable for searches on or after 1-09-2024).","","","",""
"What is the amount of penalty levied under section 271AAB(1A)?","30% if income is admitted and tax+interest paid by specified date; 60% in any other case.","","","",""
"When penalty under Section 271AAC may be imposed?","Penalty under Section 271AAC may be imposed when income determined includes unexplained income under sections 68, 69, 69A, 69B, 69C or 69D, and such income is not included in return or tax u/s 115BBE is not paid.","","","",""
"What is the amount of penalty levied under section 271AAC?","10% of tax payable under section 115BBE.","","","",""
"When penalty under Section 271AAD may be imposed?","Penalty under Section 271AAD may be imposed if false entries or omission of relevant entries to evade tax are found in books of account during proceedings.","","","",""
"What is the amount of penalty levied under section 271AAD?","100% of such false or omitted entry amount.","","","",""
"When penalty under Section 271AAE may be imposed?","Penalty under Section 271AAE applies for violation of provisions relating to unreasonable benefits passed to trustees or specified persons under section 10(23C) proviso or section 13(1)(c).","","","",""
"What is the amount of penalty levied under section 271AAE?","First violation: extent of income applied for benefit of interested person u/s 13(3). Subsequent violations: twice such income.","","","",""
"When penalty under Section 271B may be imposed?","Penalty under Section 271B may be imposed if a person fails to get accounts audited or fails to furnish audit report u/s 44AB by due date.","","","",""
"What is the amount of penalty levied under section 271B?","0.5% of turnover/gross receipts or Rs. 1,50,000, whichever is less.","","","",""
"When penalty under Section 271BA shall be imposed?","Penalty under Section 271BA applies if a person entering into international or specified domestic transaction fails to furnish CA report in Form 3CEB by due date.","","","",""
"What is the amount of penalty levied under section 271BA?","Rs. 1,00,000.","","","",""
"When penalty under Section 271BB may be imposed?","Penalty under Section 271BB may be imposed for failure to subscribe any amount to units issued under scheme referred to in section 88A(1) (omitted w.e.f AY 26-27).","","","",""
"What is the amount of penalty levied under section 271BB?","20% of such amount (omitted w.e.f. AY 26-27).","","","",""
"When penalty under Section 271C shall be imposed?","Penalty under Section 271C shall be imposed for defaults such as failure to deduct TDS (whole or part), failure to pay dividend distribution tax, failure to ensure payment of tax on winnings in kind u/s 194B or 194BA, failure to ensure payment of tax on benefit/perquisite in kind u/s 194R, and failure to ensure payment of tax on consideration for transfer of VDA in kind u/s 194S.","","","",""
"What is the amount of penalty levied under section 271C?","Penalty shall be equal to the amount of tax which the person has failed to deduct or pay.","","","",""
"When penalty under Section 271CA shall be imposed?","Penalty under Section 271CA shall be imposed if a person fails to collect whole or part of tax required to be collected u/s 206C.","","","",""
"What is the amount of penalty levied under section 271CA?","Penalty shall be equal to the amount of tax which such person has failed to collect.","","","",""
"When penalty under Section 271D shall be imposed?","Penalty under Section 271D shall be imposed if a person takes or accepts any loan, deposit, or specified sum in cash or in contravention of Section 269SS. Specified sum means money receivable in relation to transfer of immovable property.","","","",""
"What is the amount of penalty levied under section 271D?","Penalty shall be equal to the amount of loan, deposit, or specified sum so taken or accepted.","","","",""
"When penalty under Section 271DA shall be imposed?","Penalty under Section 271DA shall be imposed if a person receives Rs. 2,00,000 or more from a person in cash or in contravention of Section 269ST.","","","",""
"What is the amount of penalty levied under section 271DA?","Penalty shall be equal to the amount of such receipt.","","","",""
"When penalty under Section 271DB shall be imposed?","Penalty under Section 271DB shall be imposed if a business with turnover exceeding Rs. 50 crores fails to provide facility for accepting payments through prescribed electronic modes u/s 269SU.","","","",""
"What is the amount of penalty levied under section 271DB?","Rs. 5,000 for every day of default.","","","",""
"When penalty under Section 271E shall be imposed?","Penalty under Section 271E shall be imposed if a person repays any loan, deposit (including interest), or specified advance in cash or in contravention of Section 269T. Specified advance means money in relation to transfer of immovable property.","","","",""
"What is the amount of penalty levied under section 271E?","Penalty shall be equal to the amount of loan, deposit, or specified advance so repaid.","","","",""
"When penalty under Section 271FA may be imposed?","Penalty under Section 271FA may be imposed if a person fails to furnish Statement of Financial Transaction or Reportable Account u/s 285BA by due date.","","","",""
"What is the amount of penalty levied under section 271FA?","Rs. 500 per day of default. If not filed even after notice within 30 days, penalty becomes Rs. 1,000 per day from expiry of notice period.","","","",""
"When penalty under Section 271FAA may be imposed?","Penalty under Section 271FAA may be imposed if a person provides inaccurate information in Statement of Financial Transaction or Reportable Account u/s 285BA due to deliberate failure, false info from account holder, failure to inform tax authorities, or failure to correct within 10 days. W.e.f. 01-10-2024, penalty of Rs. 50,000 applies for furnishing inaccurate info or failure of due diligence.","","","",""
"What is the amount of penalty levied under section 271FAA?","Rs. 50,000. Additional penalty of Rs. 5,000 per reportable account may apply for inaccuracies due to false info from account holders.","","","",""
"When penalty under Section 271FAB may be imposed?","Penalty under Section 271FAB may be imposed if an eligible investment fund fails to furnish statement in Form 3CEK relating to conditions u/s 9A within prescribed time.","","","",""
"What is the amount of penalty levied under section 271FAB?","Rs. 5,00,000.","","","",""
"When penalty under Section 271G may be imposed?","Penalty under Section 271G may be imposed if a person entering into international or specified domestic transaction fails to furnish information/documents required u/s 92D by Assessing Officer or Commissioner (Appeals).","","","",""
"What is the amount of penalty levied under section 271G?","Penalty is 2% of the value of the international or specified domestic transaction for each failure.","","","",""
"When penalty under Section 271GA may be imposed?","Penalty under Section 271GA applies when an Indian concern fails to furnish prescribed information required under Section 285A for indirect transfer cases where foreign entity derives substantial value from Indian assets.","","","",""
"What is the amount of penalty levied under section 271GA?","2% of transaction value if it transfers management/control rights, or Rs. 5,00,000 in other cases.","","","",""
"When penalty under Section 271GB(1) may be imposed?","Penalty under Section 271GB(1) may be imposed if a reporting entity fails to furnish Country-by-Country Report (CbCR) in Form 3CEAD as required u/s 286.","","","",""
"What is the amount of penalty levied under section 271GB(1)?","Rs. 5,000 per day if failure does not exceed 1 month; Rs. 15,000 per day if exceeds 1 month; Rs. 50,000 per day if continues after penalty order service.","","","",""
"What is Form GSTR-3B?","Form GSTR-3B is a simplified summary return where taxpayers declare their summary GST liabilities for a particular tax period and discharge these liabilities. A normal taxpayer is required to file GSTR-3B for every tax period.","","","",""
"Who needs to file Form GSTR-3B?","All normal taxpayers and casual taxpayers are required to file Form GSTR-3B.","","","",""
"Where can I file Form GSTR-3B?","Form GSTR-3B can be filed from the returns section of the GST Portal. After logging in, go to Services > Returns > Returns Dashboard. Select the financial year and tax period, and the return tile will be displayed.","","","",""
"By when do I need to file Form GSTR-3B?","For monthly filers, the due date is the 20th day of the month following the tax period. For quarterly filers under QRMP, the due dates are the 22nd and 24th day of the month following the quarter. These dates may be extended by government notification.","","","",""
"Is filing of Form GSTR-3B mandatory even if there is no business in the particular tax period?","Yes, filing of Form GSTR-3B is mandatory for all normal and casual taxpayers even if there is no business in that particular tax period.","","","",""
"What values get auto-populated from Form GSTR-1/1A and GSTR-2B to Form GSTR-3B?","Values in GSTR-3B such as outward supplies, reverse charge, and ITC related figures are auto-populated based on data declared by suppliers in their Form GSTR-1/1A and values from system generated GSTR-2B. The portal uses specific table mappings for auto-population.","","","",""
"Can I edit the values auto-populated from Forms GSTR-1/1A and GSTR-2B in Form GSTR-3B?","Yes, auto-populated values in GSTR-3B are editable. If edited, those fields are highlighted in red with a warning message. The system shows both auto-populated and edited values on hover.","","","",""
"Is the auto-populated data available in downloadable format?","Yes, a system-generated summary with details of values auto-populated from GSTR-1/1A and GSTR-2B along with a detailed breakup can be downloaded as a PDF by clicking the System Generated GSTR-3B button on the return page.","","","",""
"What is zero filing in Form GSTR-3B?","Zero filing involves manually editing all relevant fields in the pre-filled GSTR-3B to zero or negative values (except ITC, which cannot be negative), and filing the return using EVC or DSC. This is used to report zero or negative liabilities even if there were pre-filled values.","","","",""
"What is a Nil Form GSTR-3B return and when can it be filed?","A Nil Form GSTR-3B can be filed when there are no transactions and no liability to report or pay in that tax period. This includes no outward supplies, no inward supplies liable to reverse charge, no ITC claims or reversals, and no interest or late fee liabilities.","","","",""
"Can a taxpayer file Nil GSTR-3B if there is auto-drafted interest from previous periods?","No, a Nil Form GSTR-3B cannot be filed if system-calculated interest is present for the current return period, as the Nil filing option will be disabled.","","","",""
"What is System Generated GSTR-3B?","System Generated GSTR-3B is a version of the return automatically pre-filled by the GST Portal using data from underlying returns (GSTR-1/1A and GSTR-2B). It helps in minimizing errors and improving compliance and can be downloaded in PDF format.","","","",""
"Why might the System Generated GSTR-3B PDF button be disabled?","The button might be disabled if the monthly GSTR-1/1A has not been filed or Form GSTR-2B has not been generated for the selected month, so auto-population data is incomplete.","","","",""
"What happens if only GSTR-2B is generated but GSTR-1/1A is not filed?","When only GSTR-2B is generated, auto-population in GSTR-3B will be partial. Some liability details from GSTR-1/1A will not be auto-populated until it is filed, though ITC data flows from GSTR-2B.","","","",""
"Will interest be computed on gross liability or net liability?","Interest is computed in accordance with first proviso to Section 50 of the CGST Act. Interest for the current period is levied only on the portion of liability discharged from the electronic cash ledger (Net liability), and on the entire liability for previous periods (Gross liability).","","","",""
"","","Does aggregate turnover include value of inward supplies received on which RCM is payable?","Refer Section 2(6) of CGST Act. Aggregate turnover does not include value of inward supplies on which tax is payable on reverse charge basis.","",""
"","","","","What if the dealer migrated with wrong PAN as the status of firm was changed from proprietorship to partnership?","New registration would be required as partnership firm would have new PAN."
"","","","","A taxable person’s business is in many states. All supplies are below 10 Lakhs. He makes an Inter State supply from one state. Is he liable for registration?","He is liable to register if the aggregate turnover (all India) is more than 20 lacs (Rs. 10 lacs in Special Category States) or if he is engaged in inter-State supplies."
"","","","","Can we use provisional GSTIN or do we get new GSTIN? Can we start using provisional GSTIN till new one is issued?","Provisional GSTIN (PID) should be converted into final GSTIN within 90 days. Yes, provisional GSTIN can be used till final GSTIN is issued. PID &amp; final GSTIN would be same."
"","","","","Whether trader of country liquor is required to migrate to GST from VAT as liquor is out of GST law?","If the person is involved in 100% supply of goods which are not liable for GST, then no registration is required."
"","","","","Not liable to tax as mentioned u/s 23 of CGST means nil rated supply or abated value of supply?","Not liable to tax means supplies which is not leviable to tax under the CGST/SGST/IGST Act. Please refer to definition under Section 2(78) of the CGST Act."
"","","","","Whether civil contractor doing projects in various states requires separate registration for all states or a single registration at state of head office will suffice?","A supplier of service will have to register at the location from where he is supplying services."
"","","","","Whether aggregate turnover includes turnover of supplies on which tax is payable by the recipient under reverse charge?","Outward supplies on which tax is paid on reverse charge basis by the recipient will be included in the aggregate turnover of the supplier."
"","","","","If there are two SEZ units within same state, whether two registrations are required to be obtained?","SEZs under same PAN in a state require one registration. Please see proviso to rule 8(1) of CGST Rules."
"","","","","Is an advocate providing interstate supply chargeable under Reverse Charge liable for registration?","Exemption from registration has been provided to such suppliers who are making only those supplies on which recipient is liable to discharge GST under RCM."
"","","","","When is registration in other state required? Will giving service from Nasik to other state require registration in other state?","If services are being provided from Nasik then registration is required to be taken only in Maharashtra and IGST to be paid on inter-state supplies."
"","","","","I have migrated under GST but want to register as ISD. Whether I can apply now &amp; what is the procedure?","A separate &amp; new registration is required for ISD."
"","","","","I have enrolled in GST but I forgot to enter SAC codes. What should I do? The status is migrated.","The same can be filled while filing FORM REG-26 for converting provisional ID to final registration."
"","","","","I have ST number on individual name and have migrated to GST.I wish to transfer this on my proprietorship firm.","This conversion may be done while filling FORM REG-26 for converting provisional ID to final registration."
"","","","","Please tell if rental income up to 20 lacs attracts GST or attracts any other charge?","GST is leviable only if aggregate turnover is more than 20 lacs. (Rs. 10 lacs in 11 special category States). For computing aggregate supplies turnover of all supplies made by you would be added."
"","","","","If someone trades only 0% GST items (grains, pulses) then is it necessary to register for GST, if the turnover exceeds ₹20 lacs?","A person dealing with 100% exempted supply is not liable to register irrespective of turnover."
"","","","","Is it correct that person dealing exclusively in NIL rated or exempt goods/ services liable to register if turnover &gt; 20/10 Lakh?","There is no liability of registration if the person is dealing with 100% exempt supplies."
"","","","","If I register voluntarily though turnover is less than 20 Lakhs, am I required to pay tax from 1st supply I make post registration?","Yes, you would be treated as a normal taxable person."
"","","","","Whether a separate GSTIN would be allotted to a registered person for deducting TDS (he has PAN and TAN as well)?","Separate registration as tax deductor is required."
"","","","","Is separate registration required for trading and manufacturing by same entity in one state?","There will be only one registration per State for all activities. But, you have the option to be registered as a separate business vertical."
"","","","","I am registered in TN and getting the service from unregistered dealer of AP, should I take registration in AP to discharge GST under RCM?","Any person who makes make inter-state taxable supply is required to take registration. Therefore in this case AP dealer shall take registration and pay tax."
"","","","","Is there any concept of area based exemption under GST?","There will be no area based exemptions in GST."
"","","","","If a company in Maharashtra holds only one event in Delhi, will they have to register in Delhi? Will paying IGST from Maharashtra suffice?","Only if you provide any supply from Delhi you need to take registration in Delhi. Else, registration at Mumbai is sufficient (and pay IGST on supplies made from Mumbai to Delhi)"
"","","","","How long can I wait to register in GST ?","An unregistered person has 30 days to complete its registration formalities from its date of liability to obtain registration."
"","","","","What If I am not liable to register under GST but I was registered under Service tax ?","You can apply for cancellation of Provisional ID on or before 31st July 2017."
"","","","","When turnover of agents will be added to that of the principal for registration?","No."
"","","","","If I am not an existing taxpayer and wish to newly register under GST, when can I do so?","You would be able to apply for new registration at the GST Portal gst.gov.in"
"","","","","If I buy raw material from supplier unregistered in GST, do I have to pay GST in RCM and can I avail ITC of the same?","Yes, you have to pay GST via RCM. You can avail ITC of the GST so paid if you are otherwise eligible."
"","","","","Can an unregistered dealer supply goods to other States if his turnover is below Rs. 20 lakhs?","No. The supplier would be liable to obtain registration in case of inter-State supplies irrespective of his turnover."
"","","","","Existing taxpayer registering a branch office in another state comes under fresh registration or under existing tax payer registration?","The registration in other State would come under fresh registration."
"","","","","Is registration necessary if only interstate supply of Nil rated goods is being made?","If exclusively making supplies of Nil rated supplies, registration is not compulsory. Kindly refer section 23 of CGST Act."
"","","","","Whether franchisor company will have to take registration in each state where outlets are located?","No, a franchisor company need not take registration in a state where only its franchisee is located."
"","","","","If I’m starting new business today, still need to get TIN and then apply for GST? Or can I directly register with GST?","You may directly take GST registration on www.gst.gov.in"
"","","","","A firm dealing exclusively in exempted products has GST registration; does it need to file return?","If registered, then you need to file returns. You may choose to cancel your registration since you are dealing only in exempted products."
"","","","","My all outward supplies are export services. In this case is it compulsory to register under GST?","Yes. Since, exports are zero rated, one needs to register for GST to claim refunds."
"","","","","Can a person operating two different companies with different names but with same PAN get two GST registrations?","One PAN holder gets one registration in every state, but he has the option of getting different registrations for different business verticals."
"","","","","Whether job worker is required to register? Whether composition scheme is available to a job worker?","Job workers making taxable supplies above the threshold aggregate turnover need to register. Composition scheme is not available to job-workers. They, however, can avail benefit of section 143 of the CGST Act."
"","","","","I am a service provider with turnover of Rs. 50 lakhs in one state only. Am I eligible for the composition scheme?","Service providers, except restaurants/caterers, are not eligible for composition scheme."
"","","","","I am an ice cream manufacturer with sales in one state only. Can I avail the option of composition?","No. The following three classes of persons, namely - Ice cream and other edible ice, whether or not containing cocoa. - Pan masala - All goods, i.e. Tobacco and manufactured tobacco substitutes are not eligible for benefit of composition scheme."
"","","","","If I register under the composition scheme, can I opt out of it later? What happens to my stock if I do so?","Those availing composition can exit and opt for normal tax scheme anytime. They would be eligible for ITC on stocks available on the date of switchover in terms of section 18(1)(c ) of CGST Act, 2017."
"","","","","Can I register as a normal taxable person now and avail of the composition scheme later?","You can opt for composition scheme from the beginning of the next financial year on submitting the option to avail composition scheme before beginning of the financial year. It may please be noted that composition scheme cannot be availed from the middle of a financial year."
"","","","","I have registered as a composition dealer. If my turnover crosses Rs. 75 lakhs, can I continue in the scheme for the remaining financial year?","No, taxpayer becomes ineligible for composition scheme on the day the turnover crosses Rs. 75 lakhs."
"","","","","If I was registered earlier but am not required to register under GST, what to do about provisional ID and accumulated ITC?","Please apply for cancellation of registration under Section 29(1) of the CGST Act, 2017 read with Rule 24(4) of CGST Rules, 2017. You will be required to calculate and pay ITC availed on goods held in stock on the date of cancellation of registration."
"","","","","I was registered under Central Excise or Service Tax, but could not migrate and therefore have taken a new registration. Will I be eligible for transitional credit?","In your new registration application, if you have referred to your past registration no. of Central Excise or Service Tax, you will be eligible for transitional credit under Section 140 of CGST Act, 2017 read with Rule 117 of CGST Rules, 2017."
"","","","","I have migrated and received provisional ID but not GSTIN, how do I supply goods or services or both?","Provisional ID (PID) will be your GSTIN. You can supply goods or services or both specifying PID as your GSTIN on Invoice."
"","","","","I have not received ARN or have received ARN but not GSTIN, how do I supply goods or services or both?","You can supply goods or services or both on bill of supply without mentioning GSTIN and/or ARN. On receipt of GSTIN, you will need to issue revised invoice mentioning GSTIN. You are required to reflect this supply in your return and also pay tax thereon."
"","","","","I am a supplier of exempted goods based out of Delhi and procure raw material from Kerala. My supplier from Kerala insists that I have to be registered in Delhi for procurement of Inter-State goods. Is he right ?","No, if you are dealing in 100% exempted supplies you are not liable to be registered in GST. There is no requirement of registration for making inter-state purchases."
"","","","","Is GST registration mandatory for small retailers to buy from dealers/wholesalers?","There is no such requirement under GST law."
"","","","","I have a pending export refund in Service Tax. What will happen?","Refunds under earlier laws will be given under the respective laws only"
"","","","","As an exporter, how do I ensure that my working capital is not blocked as refunds?","Appropriate provisions have been made in the law by providing for grant of 90% refund on provisional basis within 7 days from filing of registration."
"","","","","What will be the impact of GST on coal? Will the clean energy Cess on coal go or will it stay?","Clean Environmental Cess on coal will be replaced by GST Compensation Cess."
"","","","","Suppose I am in composition scheme in GST. If I purchase goods from unregistered person, then GST will be paid to Government by me or not?","Yes, you will be liable to pay tax on reverse charge basis for supplies from unregistered person."
"","","","","What duties will be levied on import of goods?","Customs duty and cess as applicable + IGST+ GST compensation cess. IGST and GST compensation cess shall be paid after adding all customs duty and customs cess to the value of imports."
"","","","","Present Procedures have Service Tax on Nepal, But no Goods Tax on Nepal. But, With GST, what tax will apply?","The export procedure for Nepal would be same as that to other Countries."
"","","","","Are there exemptions for SEZ? How will a SEZ transaction happen in GST regime?","Supplies to SEZs are zero-rated supplies as defined in Section 16 of IGST Act."
"","","","","How would the sale and purchase of goods to and from SEZ will be treated? Will it be export / input?","Supply to SEZs is zero rated supplies and supplies by SEZs to DTA are treated as imports."
"","","","","Please clarify status of international export freight under GST as the same was exempt under POPS rules. It is zero rated in most countries.","POS for transport of goods determinable in terms of sec 12(8) or sect 13(8) of IGST Act, 2017, depending upon location of service provider/service receiver. Exports are treated as zero rated supplies."
"","","","","When goods are being imported from SEZ who will pay IGST?","Such supply is treated as import and present procedure of payment of duty continues with the variation that IGST is levied in place of CVD."
"","","","","Who will pay IGST when goods are procured from SEZ? Today importer is paying both BCD and CVD.","Such supply is treated as import and present procedure of payment continues with the variation that IGST is levied in place of CVD."
"","","","","Is SGST of Rajasthan charged by supplier on purchase from Rajasthan can be utilize for payment of SGST in Madhya Pradesh?","SGST of one State cannot be utilized for discharging of output tax liability of another State."
"","","","","How one can use SGST credit for the payment of IGST on another state?","SGST Credit can be used for payment of IGST liability under the same GSTIN only."
"","","","","Can one State CGST be used to pay another state CGST?","The CGST and SGST Credit for a State can be utilized for payment of their respective CGST/SGST liabilities within that State for the same GSTIN only."
"","","","","In case of service supplied, should the credit be given to the state where it is billed or the state it is rendered?","Tax will be collected in the State from which the supply is made. The supplier will collect IGST and the recipient will take IGST credit."
"","","","","Company is engaged in manufacturing of cement &amp; power. Which rule to be referred for reversal of credit related to power business?","Detailed rules for reversal of ITC when the supplier is providing exempted and non-exempted supplies have been provided in ITC Rules."
"","","","","How will the credit / debit note from unregistered supplier be reported to GSTN and ITC claimed in the same?","Like invoice, credit/debit notes on behalf of unregistered person will be given by registered person only. Further, GSTR2 provides for reporting of same by the recipient."
"","","","","Whether credit is restricted under the GST Act, especially for rent-a-cab Service?","Input tax credit for rent-a-cab service is not available under GST."
"","","","","A shop sells taxable &amp; exempt products to the same person (B2C), is it required to issue tax invoice and bill of supply separately?",""
"","","","","Do registered dealers have to record Aadhaar/PAN while selling goods to unregistered dealers?","In such a case the person can issue one tax invoice for the taxable invoice and also declare exempted supply in the same invoice."
"","","","","All expenses like freight / transport / packing which are charged in Sales Invoice are taxable in GST? How to charge in bill?","There is no requirement to take Aadhaar / PAN details of the customer under the GST Act."
"","","","","Can we move construction material to builders on delivery challan and issue tax invoice post completion of activity?","All expenses will have to be included in the value and invoice needs to be issued accordingly. Please refer to Section 15 of CGST Act and Invoice Rules."
"","","","","How to treat following transaction in GST (i) Delivered supply shortages in Transit. (ii) Customer gets less quantity and pays less.","If the goods are meant to be supplied in the course of construction an invoice is necessary. If the goods are tools which are to be used for construction then delivery challan should be issued."
"","","","","Should we issue Self Invoice for GST liability discharge on RCM or GST can be discharge through expenses booking voucher?","The supplier may issue credit note to the customers."
"","","","","Whether taxi aggregators can issue any other document in lieu of invoice and issue consolidated invoice for such services?","For RCM liabilities tax invoice has to be issued on self."
"","","","","Can a provision be made in the GST Act, to ensure that the invoice number becomes part of the bank statement every time a payment is made?","The law provides flexibility to such service providers to issue tickets or tax invoice within one month from the date of supply of service. Except banking and financial service providers, service providers such as taxi aggregators do not have the option to issue consolidated invoices. Whereas, the proposal for providing consolidated invoices for various service providers may be explored."
"","","","","What would be done on tax paid on advance receipt if advance has to be refunded in any circumstance",""
"","","","","Do registered dealers have to upload sale details of unregistered dealers also in GST?","Advance refunded can be adjusted in return."
"","","","","How to incorporate two supplies in return for Pharma with same HSN code of four digits but having different tax rates?","Generally not. But required in case of inter-State supplies having invoice value of more than Rs 2.50 Lakhs."
"","","","","Should we discharge GST liability for all reverse charge having small amounts of Transaction or any amount limit is there?",""
"","","","","What is treatment of promotional item given free to end consumers by FMCG companies?","It has been decided that Rs. 5000/- per day exemption will be given in respect of supplies received from unregistered person. For supplies above this amount, a monthly consolidated bill can be raised."
"","","","","How to comply with 9(4) of CGST Act if POS is in another State of the unregistered supplier","Tax will be charged only on the total consideration charged for such supply."
"","","","","Under supply from unregistered dealer the purchaser have to pay GST on RCM basis.so whether stipend paid to intern will also come under RCM?","Any person making inter-state supply has to compulsorily obtain registration and therefore in such cases, section 9(4) will not come into play."
"","","","","Salary by partnership firm to Partners as per Income Tax Act liable to GST?","Stipend paid to interns will be employer-employee transactions. Hence, not liable for GST."
"","","","","Sec 9(4) of CGST Act 2017. Do I need to pay under RCM if I purchase stationary worth Rs.100 from an unregistered stationery shop?","Salary will not be liable for GST."
"","","","","What is the treatment of promotional item given free to end consumers by FMCG companies? If taxable, whether ITC is allowed?","It has been decided that Rs. 5000/- per day exemption will be given in respect of supplies received from unregistered person."
"","","","","Whether GST will be leviable in case of returnable packing material like drums supplied with finished goods?","Tax is payable on consideration received for the supply and ITC will be available accordingly."
"","","","","How will disposal of scrap be treated in GST?","GST will be levied on the value charged for the supply only."
"","","","","I am from MP and providing service to a customer in Maharashtra. I outsource the work to a service provider in Maharashtra, what tax i need to charge?","If the disposal is in the course or furtherance of business purposes, it will be considered as a supply."
"","","","","If address of buyer is Punjab and place of supply is same state of supplier (Rajasthan), then IGST will apply or CGST/SGST?","Generally these will be two supplies where the supplier from MP will charge IGST from the recipient in Maharashtra. Whereas, the service provider in Maharashtra will charge IGST from the recipient in MP."
"","","","","Why is bifurcation of cash deposit as CGST-SGST-IGST required? Is cash held against a GSTIN, to be adjusted via return u/s 39","If the place of supply and the location of the supplier are in the same State then it will be intra-State supply and CGST / SGST will be applicable."
"","","","","What is the difference in between 'Nil rated', 'taxable at 0%' and exempted goods and services? Especially in relation with ITC","Three levies are under three different statutes and are required to be separately accounted for."
"","","","","Will professional tax will be abolished in Maharashtra after introducing of GST?","Exempt supply includes Nil rated (taxable at 0%) and non-Taxable supplies and no ITC is available for such supplies."
"","","","","Employer provides bus service, meal coupon, telephone at residence, gives vehicle for official and personal use, uniform and shoes, any GST?","Professional tax is not a tax on supply of goods or services but on being in a profession. Professional tax not subsumed in GST."
"","","","","The definition of composite supply and the description of same under Section 8 differ. Please explain consequences.","Where the value of such supplies is in the nature of gifts, no GST will apply till value of such gifts exceeds Rs. 50000/- in a financial year."
"","","","","Whether slump sale will attract GST. If yes then under which Section?","Section 2(30) defines what will be considered as a composite supply. Whereas, Section 8 provides that in case of a composite supply, the treatment for tax rate etc. will be that of principal supply."
"","","","","Salary by Partnership firm to Partners as per Income Tax Act liable to GST? Partners are not employees of the firm.","It will have the same treatment as normal supply."
"","","","","","Salary will not be leviable of GST."
"","","","","How do I avail transition credit ?",""
"","","","","Please provide the clarity on area based exemption 50/2003 in UK &amp; HP.","Transition credit can be availed by filing the respective forms under Transition rules."
"","","","","We manufactured excisable goods. But unit availed the exception benefits 50/2003. What about my dealers stock?","Area based exemptions will not be continued under GST. It will be operated through the route of reimbursement as prescribed."
"","","","","A trader buys from manufacturer not registered in excise as his turnover is below 1.5cr. Then in such case can trader take ITC on stock up to 40%?","The dealer will get deemed credit @ 40% / 60% of the CGST paid on supply of such goods in GST. If the goods are branded and greater than Rs. 25,000, full credit using CTD can be availed."
"","","","","I am a trader. I have excise paid purchase invoice. Whether I can claim credit of full excise duty on closing stock of 1st July 2017","Yes deemed credit will be available subject to satisfaction of other conditions as prescribed."
"","","","","If a trader purchases directly from manufacturer &amp; has documents showing excise, will he get full excise credit or 40% of CGST?","Full transition credit of such duty will be available on stock in hand in respect of which you have duty paying excise document subject to conditions under Section 140(3) of the CGST Act."
"","","","","If a FSD (First Stage Dealer) purchases directly from manufacturer and has value cum excise duty and excise duty is not separately shown will he get full credit?","Full transition credit of such duty will be available on stock in hand in respect of which you have duty paying excise document subject to conditions under Section 140(3) of the CGST Act."
"","","","","Is the full excise credit also available to traders who purchases directly from manufacturers and excise is separately shown in invoice?","Full transition credit of such duty will be available on stock in hand in respect of which you have duty paying excise document subject to conditions under Section 140(3) of the CGST Act."
"","","","","In June 17 Vat return no amount carried forward &amp; held stock of Rs. 50 lakhs. Then can we take credit of that stock or not?","Full transition credit of such duty will be available on stock in hand in respect of which you have duty paying excise document subject to conditions under Section 140(3) of the CGST Act."
"","","","","What will be the impact of closing stock which has been already paid vat on 1st July?","The supplier would be eligible to carry forward the closing balance of ITC from VAT return for June 17."
"","","","","If in Vat return refund claimed in June 17 &amp; no balance credit in GST. Then what's the position of submission of Form C","The supplier would be eligible to carry forward ITC on such stock from VAT return for June 17."
"","","","","Some service was provided on 28.06.2017 but Invoice will be raised on 05.07.2017. Whether we have to charge Service Tax or GST?","Refund claimed under existing law will be handled as per the provisions of the existing law. Form C to be submitted in terms of provision of Rule 1(1) of Transition Rules of the respective State SGST Rules."
"","","","","Would we be eligible for credit on Capital Goods in transit and received post GST?","If Point of Tax arises after appointed date, then GST will be chargeable on such supply."
"","","","","What about VAT balance pending on transition date?","No provision for such credit is there in GST law."
"","","","","What about deemed export against Form H?","Balance VAT credit in the return will be transferred as SGST Credit."
"","","","","Who will bear tax difference on closing stocks as on 30th June 2017? Whether the manufacturer/dealer or government?","Form H will not be there in GST."
"","","","","How will we get input credit on stock in hand for spare parts billed from other state, excise, CST and entry tax paid?","Closing ITC in VAT return will be allowed to be carry forward in GST."
"","","","","A trader buys from manufacturer not registered in excise as his turnover is below 1.5 crore. then in such case can traders take ITC on stock up to 40%","For all inputs with duty paying documents available respective CGST / SGST credit will be available. But credit of CST will not be available."
"","","","","Whether we will be eligible for credit of duty paid on Capital Goods in transit and received post GST?","Deemed Credit will be available on stock in hand provided the conditions of section 140(3) read with Rule 1(4) of Transition Rules are satisfied."
"","","","","Can ITC of Swach Bharat Cess or Krishi Kalyan Cess be carried forward under GST?","No such provision in GST."
"","","","","Will Clean Energy CESS on imported Coal @ Rs. 400 PMT continue to be applicable in GST?","No"
"","","","","Whether closing balance of edu cess and secondary higher education cess prior to 1st Mar 2015 can be carried forward in GST?","No. Clean Energy Cess is being repealed. Coal, however, will be subject to compensation cess @ Rs 400/- per tonne."
"","","","","Can u clarify for 40℅ benefit on closing stock does 1 year limit apply or not ?","No it will not be carried forward in GST as it is not covered by definition of “eligible duties and taxes” under Section 140 of the CGST Act."
"","","","","Till what time is transition credit available? Where do I need to declare my input stock?","Deemed credit will be available for all stock procured within a 1 year period."
"","","","","After implementation of GST, will EOU scheme continue or not?","The window to declare transition credit forms is three months from the appointed day. Please refer to transition rules for more details."
"","","","","I was unregistered in excise before and now in 18% slab? Can I take credit of stock if I don’t have invoices?","GST has no special dispensation for EOUs. As to whether they exist for any other purpose may be seen from the FTP."
"","","","","I enjoyed SSI Exemption in Excise and did not register; how do I now take credit of stock lying with me?","Deemed credit will be available to you for stock as duty paying documents are not available, subject to provisions of section 140 (3) of the CGST Act, 2017 read with Rule 140(4) of CGST Rules, 2017."
"","","","","For textile trader or manufacturers, with input stock without payment of excise duty but GST being charged on final sale, shall we get credit of such stock?","Credit may be availed on the basis of document evidencing payment of duty on inputs as per section 140(3) of the CGST Act, 2017 read with Rule 140(4) of CGST Rules, 2017."
"","","","","Can a spice manufacturer take ITC of central excise paid on packing material lying in stock as on 30/06/17?","Credit of stock which was unconditionally exempt from excise duty or was NIL rated shall not be available. Please see Rule 117(4) of the CGST Rules, 2017."
"","","","","I made booking for hotel for a trip in October. Invoice raised already. Would I need to pay GST if payment will be done on 15 July?","If he has duty paying documents then he will get full credit of central excise duty paid on stock held by him."
"","","","","If rent received in advance before appointed day and person not liable to service tax then does RCM liability arise?","If the invoice has been raised and payment made before the 1st of July 2017 then GST will not be applicable."
"","","","","Is there any format for invoice under GST? If yes, please provide the link of the same.","The liability of RCM under GST will arise only after 1st of July 2017."
"","","","","Whether from 1st July sequence of invoice no. will change? Or can we follow the same sequence?","No there is no particular format. Rule 46 of the CGST Rules, 2017 prescribes the particulars to be contained in Invoice."
"","","","","Whether existing UT-1, Bond will suffice? Whether existing ARE 1 form will exist?","Same sequence can be followed provided conditions laid down in Section 31 of the CGST Act, 2017 read with Rule 46 of CGST Rules, 2017 are met."
"","","","","Can we get ITC for capital expenditures like vehicles, solar panels etc for company use?","Circular No. 4/4/2017-GST dated 07.07.2017 has clarified that the existing Bonds/LUTs shall be valid till 31.07.2017 after which the Bonds/LUTs shall have to be executed in the newly prescribed formats. New formats of bond and LUT have been prescribed under Rule 96A of CGST Rules, 2017. ARE-1 procedure is being dispensed with except in respect to commodities which continue to attract Central Excise duty."
"","","","","If my turnover is less than 1.5 crores, do I need to mention HSN code on my invoice?","ITC on capital goods is generally available if they are used in the course or furtherance of business. However, credit is not available on cars, unless you are in a business of imparting driving training, or supplying such cars. A list of item on which ITC is not available is provided in Section 17 of the CGST Act, 2017."
"","","","","We are Excise registered dealers and have stock older than 1 year for which Excise is paid. Will we get Input tax credit?","Specifying HSN code on invoice is optional for taxpayers having turnover upto 1.5 crores."
"","","","","I was unregistered earlier. Now I want to register under composition scheme. Can I take ITC of my duty paid stock?","You will be entitled to carry forward closing balance of CENVAT credit shown in your last return filed under Central Excise Act."
"","","","","I have Excise registration. I now want to migrate using composition scheme. What is to be the treatment of ITC?","No, a person registering under the composition scheme cannot take ITC on inputs."
"","","","","I paid for a service in June 2017 but am likely to receive the service in August 2017. Can I avail ITC for the same?","Not eligible for ITC under composition scheme. Your ITC lying in balance will lapse."
"","","","","For taxpayers with centralized registration under Excise/ST, what is to be treatment of CENVAT after migration?","Credit on such inputs services will be allowed subject to satisfaction of conditions prescribed in Section 140 (5) of the CGST Act."
"","","","","Will there be GST in A&amp;N Islands as previously there was no VAT",""
"","","","","Whether IGST would be levied twice on high seas sales? First on high seas sales and second on custom clearance. IGST paid on 1 available as ITC?",""
"","","","","Will Krishi Mandi Fee (imposed in U.P.) be waived off in GST?","IGST shall be levied only once on imports."
"","","","","Is E-Way Bill applicable from 1st July 2017","GST does not concern such fee so GST does not affect it."
"","","","","Is there a sunset clause for Anti-Profiteering law?","The present system for E-way Bill in States to continue, till the E-Way Bill procedures are finalized."
"","","","","Which documents should be used in case of inter-state supply of goods until e-way bill rules are notified?","Yes, the sunset clause for Anti-profiteering Authority is of two years."
"","","","","If I use my credit card to pay utility bills, will I end up paying GST twice; once for the service and second time for the credit card bill?","The documents specified under Rule 48 of the CGST Rules, 2017 may please be referred. Triplicate copy of invoices for supply of goods and duplicate copy of invoice for supply of services may be used."
"","","","","We currently transport material on delivery challan and make a single bill at the end of the month. Can the same be done under GST?","No, GST is not leviable on the entire credit card bill; it is charged only on the fee/commission charged by the credit card company."
"","","","","Will service charge, as charged by some restaurants, be treated as consideration for a supply and hence considered liable for tax?","If on every instance you are making a supply then an invoice needs to be issued. For any other movement of goods other than supply (as specified in Rule 55 of CGST Rules, 2017), a delivery challan may be issued."
"","","","","What to do with stock lying with me on 1.07.2017. Do I need to charge GST?","There is no distinction between goods or services under GST. Service charge like any other supply will be leviable to GST. It is also clarified that service charge is not a statutory levy. It is not levied by the Government."
"","","","","I am a small manufacturer who supplies cycle parts to two manufacturing units in the same area. For every supply, I generate an invoice and take 500 Rs. flat for cartage and loading charges. What tax rate to be charged on the cartage and loading expenses?","Yes, you need to charge GST but you can use transition credit, if available on the said goods."
"","","","","I run a restaurant where I serve alcohol and provide food etc. How do I generate my invoices. What will attract GST and what will attract VAT?","This will be a composite supply where the principal supply (the goods) cannot be supplied without the cartage / unloading / transportation expenses. Therefore, the GST rate applicable will be the same as that of the principal supply, i.e, cycle parts, as provided under Section 8 of the CGST Act, 2017."
"","","","","In big bazaar, if I purchase some vegetables and one bottle of coke where one of them is exempt and the other is to be charged with 40% GST. Will I be charged 40% on the whole amount?","Since, you are providing both taxable and non-taxable supply. You will charge VAT on the non-taxable supply (which is alcohol for human consumption) and GST on all other taxable supplies."
"","","","","I am going to a jewelry shop and selling 10 gm gold and purchasing a 20 gm set in return. GST will be charged on 10 gm or 20 gm?","No, these are two independent supplies at two different prices, they will be charged at the GST rate applicable to them even if they are purchased on the same invoice."
"","","","","As a composition dealer, will I have to issue a self invoice if I purchase goods from an unregistered person?","The value to be charged on such transaction will be the open market value of the entire transaction as per Rule 27(a) of the CGST Rules, 2017. Therefore, GST be charged on entire 20 gm."
"","","","","Can I use my CGST/SGST credit to set off my IGST liability?","Yes, a composition dealer will issue a self invoice as he is required to pay GST. He will not be eligible for ITC also."
"","","","","Can tax paid in one state be used as ITC by the same firm in another state?","CGST credit can be first used to set off CGST liability. Whatever is left can be used to set off IGST liability. It cannot be used to set off SGST liability. Similarly, SGST credit can be used to set off SGST and IGST liability, in that order. It cannot be used to set off CGST liability. Please see Section 49 of the CGST Act, 2017."
"","","","","","No, if a firm is registered in more than one state, then each such registration will be treated as a separate registered person. Cross utilization of credit available with two different registered persons is not allowed."
"When can Form GSTR-3B be filed as a Nil return?","Form GSTR-3B can be filed as a nil return if there are no outward supplies as well as no liability (including reverse charge liability and ITC claims) for the tax period being filed. It can be filed in both online and offline modes such as by SMS on the GST Portal once eligibility conditions are met. ","","","",""
"Who can file a Nil Form GSTR-3B for a tax period?","A Nil Form GSTR-3B can be filed if the taxpayer has not made any outward supplies, does not have reverse charge liability, is not taking any input tax credit, and has no liabilities (including prior period liabilities) for that tax period. ","","","",""
"By when can a Nil Form GSTR-3B be filed?","A taxpayer may file a Nil Form GSTR-3B anytime on or after the 1st of the month following the tax period for which the return is being filed; for example, for April, a Nil return can be filed on or after 1st May. ","","","",""
"Can Nil GSTR-3B be filed through SMS?","Yes; Nil Form GSTR-3B may also be filed through SMS by sending the appropriate SMS request and confirmation codes from an authorized signatory’s registered mobile number, provided eligibility criteria are met. ","","","",""
"What is the QRMP Scheme under GST?","The Quarterly Returns with Monthly Payment (QRMP) Scheme allows eligible taxpayers to file Form GSTR-1 and Form GSTR-3B on a quarterly basis while paying their GST tax liabilities on a monthly basis via a challan. ","","","",""
"Who is eligible to opt for the QRMP Scheme?","A taxpayer eligible for the QRMP Scheme must be registered as a normal taxpayer, SEZ unit, or SEZ developer, not under composition scheme, and must have an annual aggregate turnover up to ₹5 crore in the current and preceding financial year. ","","","",""
"What are the pre-conditions to opt for the QRMP scheme?","To opt for QRMP, the taxpayer must be a regular taxpayer with valid GST Portal credentials, have annual aggregate turnover up to ₹5 crore, and the latest GSTR-3B must have been filed. ","","","",""
"Can I opt out of the QRMP scheme after choosing it?","Yes; taxpayers can opt out of the QRMP scheme; if they do so, they must file both GSTR-1 and GSTR-3B on a monthly basis instead of quarterly. ","","","",""
"Does opting for QRMP scheme change filing frequencies of GSTR-1 and GSTR-3B?","Yes; when a taxpayer opts for QRMP Scheme, both GSTR-1 and GSTR-3B must be filed at quarterly frequencies, while payment of tax dues must still be made on a monthly basis. ","","","",""
"Is filing Form GSTR-1 mandatory?","Form GSTR-1 must be filed even if there is no business activity (Nil Return) in the tax period. Registered taxpayers (other than exempted categories) are required to file it for every filing period.","","","",""
"Who is not required to file Form GSTR-1?","The following taxpayers are not required to file Form GSTR-1: Composition Scheme taxpayers, Non-resident foreign taxpayers, Online information and database access retrieval service providers, Input Service Distributors (ISD), TDS deductors, and E-commerce operators collecting TCS.","","","",""
"What are the available modes of preparing Form GSTR-1?","Form GSTR-1 can be prepared online on the GST Portal, via uploading data using the Returns Offline Tool, or through a third-party application via GST Suvidha Providers (GSPs).","","","",""
"What details must be furnished in Form GSTR-1?","Details required in Form GSTR-1 include invoice-level data of supplies to registered persons (including UIN holders), inter-state supplies to unregistered persons above specified value, credit/debit notes, and export details for the tax period.","","","",""
"What is the due date for filing Form GSTR-1?","The due date for filing Form GSTR-1 is usually the 11th day of the succeeding month for monthly filers, and the last day of the month succeeding the quarter for quarterly filers, unless extended by government notification.","","","",""
"Can a taxpayer file Form GSTR-1 early before the end of the tax period?","Generally, a taxpayer cannot file Form GSTR-1 before the end of the current tax period. An exception exists for casual taxpayers after closure of their business, who may file early.","","","",""
"Can data from e-invoices be auto-populated into Form GSTR-1?","Yes; data gets auto-populated from e-invoices into Form GSTR-1 in tables like B2B and export invoices based on unique IRN and QR code details from the Invoice Registration Portal (IRP).","","","",""
"Can a taxpayer edit details that get auto-populated from e-invoices in Form GSTR-1?","Yes; taxpayers can edit auto-populated e-invoice details in Form GSTR-1 by accessing the invoice entry, making changes, and saving the updates. The Source, IRN, and IRN Date fields may be reset after edits.","","","",""
"What communications are received after successful filing of Form GSTR-1?","After successful filing of Form GSTR-1, an Application Reference Number (ARN) is generated; the taxpayer also receives an SMS and email confirmation on the registered mobile number and email ID of the primary authorised signatory.","","","",""
"Can Form GSTR-1 be filed using SMS?","Yes; Nil Form GSTR-1 can be filed through SMS in a prescribed format provided eligibility criteria are met, including having a valid GSTIN, filing frequency set on the portal, and no saved data for the tax period on the portal.","","","",""
"Is filing Form GSTR-1 mandatory?","Yes, Form GSTR-1 must be filed for every tax period even if there is no business activity, in which case a Nil return is required.","","","",""
"Who is required to file Form GSTR-1?","All registered normal taxpayers making outward supplies are required to file Form GSTR-1 for reporting sales details.","","","",""
"Who is not required to file Form GSTR-1?","Composition taxpayers, Input Service Distributors (ISD), TDS deductors, TCS collectors, non-resident taxable persons, and OIDAR service providers are not required to file Form GSTR-1.","","","",""
"What is Form GSTR-1 used for?","Form GSTR-1 is used to report details of outward supplies such as sales invoices, debit notes, credit notes, and exports for a tax period.","","","",""
"What is the due date for filing Form GSTR-1?","For monthly filers, the due date is generally the 11th of the succeeding month, and for quarterly filers it is generally the last day of the month following the quarter, unless extended.","","","",""
"What are the modes available for preparing Form GSTR-1?","Form GSTR-1 can be prepared online on the GST Portal, using the Offline Tool, or through third-party applications integrated with GST systems.","","","",""
"What details are required to be furnished in Form GSTR-1?","Taxpayers must furnish invoice-wise outward supply details, supplies to registered persons, exports, advances received, and debit/credit notes issued during the period.","","","",""
"Can a taxpayer file Form GSTR-1 before the end of the tax period?","Normally, GSTR-1 cannot be filed before the end of the tax period, except in special cases such as casual taxpayers after closure of business.","","","",""
"Can e-invoice data be auto-populated into Form GSTR-1?","Yes, details from e-invoices are auto-populated into relevant tables of Form GSTR-1 based on IRN generation.","","","",""
"Can auto-populated e-invoice details in Form GSTR-1 be edited?","Yes, taxpayers can edit auto-populated invoice details, but certain system-generated fields like IRN details may be reset after editing.","","","",""
"What confirmation is received after filing Form GSTR-1?","After successful filing, an ARN is generated and confirmation is sent to the registered email ID and mobile number of the authorised signatory.","","","",""
"Can Nil Form GSTR-1 be filed through SMS?","Yes, Nil Form GSTR-1 can be filed through SMS if the taxpayer has no outward supplies and no saved data for that tax period on the portal.","","","",""
"What is the Invoice Furnishing Facility (IFF) under GST?","IFF is an optional facility for quarterly GSTR-1 filers to upload B2B invoices for the first two months of the quarter so that recipients can claim ITC earlier.","","","",""
"Who can use the Invoice Furnishing Facility (IFF)?","Taxpayers registered under the QRMP scheme who file GSTR-1 quarterly can use IFF.","","","",""
"Is filing through IFF mandatory?","No, IFF is completely optional for QRMP taxpayers.","","","",""
"What is the main benefit of using IFF?","It allows recipients to view invoices in their GSTR-2B earlier and claim ITC without waiting for quarterly GSTR-1 filing.","","","",""
"For which months can invoices be uploaded through IFF?","Invoices can be uploaded only for the first two months of the quarter, not for the third month.","","","",""
"What is the due date for filing IFF?","IFF must be filed by the 13th of the succeeding month for the first two months of the quarter.","","","",""
"Is there any limit on invoices that can be uploaded through IFF?","Yes, invoices up to a value of Rs. 50 lakh per month can be uploaded through IFF.","","","",""
"Can B2C invoices be uploaded through IFF?","No, IFF is meant only for B2B invoices and credit/debit notes issued to registered persons.","","","",""
"What happens if invoices are not uploaded through IFF?","They can still be reported in the quarterly GSTR-1, but the recipient will get ITC visibility only after quarterly filing.","","","",""
"What is GSTR-2B?","GSTR-2B is a static auto-drafted ITC statement generated for recipients showing eligible and ineligible input tax credit available for a period.","","","",""
"How is GSTR-2B different from GSTR-2A?","GSTR-2A is dynamic and changes with supplier filings, while GSTR-2B is static for a tax period and does not change once generated.","","","",""
"When is GSTR-2B generated?","GSTR-2B is generated monthly after the due date of supplier filings, generally around the 14th of the succeeding month.","","","",""
"Why is GSTR-2B important for ITC claim?","ITC should be claimed based on invoices reflected in GSTR-2B as per GST compliance and matching requirements.","","","",""
"Can ITC be claimed if invoice is not appearing in GSTR-2B?","Generally, ITC should not be claimed unless the invoice is reflected in GSTR-2B, as it indicates supplier has furnished the details.","","","",""
"What documents are reflected in GSTR-2B?","It includes invoices, debit notes, credit notes, ISD credit, and import-related ITC details.","","","",""
"What is ITC matching under GST?","ITC matching means ensuring that the recipient’s ITC claim aligns with supplier-reported invoices in GSTR-1 and reflected in GSTR-2B.","","","",""
"What are common reasons for ITC mismatch?","Supplier not filing GSTR-1, incorrect GSTIN, wrong invoice number, delayed reporting, or amendments in supplier returns.","","","",""
"What should a taxpayer do if ITC is missing in GSTR-2B?","The taxpayer should follow up with the supplier to upload the invoice correctly in GSTR-1 or IFF.","","","",""
"Can amendments in supplier invoices affect recipient ITC?","Yes, amendments or credit notes reported later can impact ITC availability and require reconciliation.","","","",""
"How often should ITC reconciliation be performed?","ITC reconciliation should ideally be done monthly between purchase register, GSTR-2B, and GSTR-3B to avoid mismatches and notices.","","","",""
"What is the Invoice Furnishing Facility (IFF) under GST?","IFF is an optional facility for quarterly GSTR-1 filers to upload B2B invoices for the first two months of the quarter so that recipients can claim ITC earlier.","","","",""
"Who can use the Invoice Furnishing Facility (IFF)?","Taxpayers registered under the QRMP scheme who file GSTR-1 quarterly can use IFF.","","","",""
"Is filing through IFF mandatory?","No, IFF is completely optional for QRMP taxpayers.","","","",""
"What is the main benefit of using IFF?","It allows recipients to view invoices in their GSTR-2B earlier and claim ITC without waiting for quarterly GSTR-1 filing.","","","",""
"For which months can invoices be uploaded through IFF?","Invoices can be uploaded only for the first two months of the quarter, not for the third month.","","","",""
"What is the due date for filing IFF?","IFF must be filed by the 13th of the succeeding month for the first two months of the quarter.","","","",""
"Is there any limit on invoices that can be uploaded through IFF?","Yes, invoices up to a value of Rs. 50 lakh per month can be uploaded through IFF.","","","",""
"Can B2C invoices be uploaded through IFF?","No, IFF is meant only for B2B invoices and credit or debit notes issued to registered persons.","","","",""
"What happens if invoices are not uploaded through IFF?","They can still be reported in the quarterly GSTR-1, but the recipient will get ITC visibility only after quarterly filing.","","","",""
"What is GSTR-2B?","GSTR-2B is a static auto-drafted ITC statement generated for recipients showing eligible and ineligible input tax credit available for a period.","","","",""
"How is GSTR-2B different from GSTR-2A?","GSTR-2A is dynamic and changes with supplier filings, while GSTR-2B is static for a tax period and does not change once generated.","","","",""
"When is GSTR-2B generated?","GSTR-2B is generated monthly after the due date of supplier filings, generally around the 14th of the succeeding month.","","","",""
"Why is GSTR-2B important for ITC claim?","ITC should be claimed based on invoices reflected in GSTR-2B as per GST compliance and matching requirements.","","","",""
"Can ITC be claimed if invoice is not appearing in GSTR-2B?","Generally, ITC should not be claimed unless the invoice is reflected in GSTR-2B, as it indicates supplier has furnished the details.","","","",""
"What documents are reflected in GSTR-2B?","It includes invoices, debit notes, credit notes, ISD credit, and import-related ITC details.","","","",""
"What is ITC matching under GST?","ITC matching means ensuring that the recipient’s ITC claim aligns with supplier-reported invoices in GSTR-1 and reflected in GSTR-2B.","","","",""
"What are common reasons for ITC mismatch?","Supplier not filing GSTR-1, incorrect GSTIN, wrong invoice number, delayed reporting, or amendments in supplier returns.","","","",""
"What should a taxpayer do if ITC is missing in GSTR-2B?","The taxpayer should follow up with the supplier to upload the invoice correctly in GSTR-1 or IFF.","","","",""
"Can amendments in supplier invoices affect recipient ITC?","Yes, amendments or credit notes reported later can impact ITC availability and require reconciliation.","","","",""
"How often should ITC reconciliation be performed?","ITC reconciliation should ideally be done monthly between purchase register, GSTR-2B, and GSTR-3B to avoid mismatches and notices.","","","",""
"What is GSTR-3B under GST?","GSTR-3B is a monthly self-declared summary return where taxpayers report outward supplies, inward supplies, ITC claimed, and tax payment details.","","","",""
"Who is required to file GSTR-3B?","All regular GST registered taxpayers are required to file GSTR-3B, unless specifically exempted.","","","",""
"Is GSTR-3B a detailed return?","No, GSTR-3B is a summary return and does not require invoice-level details.","","","",""
"What is the due date for filing GSTR-3B?","The due date is generally the 20th of the succeeding month, but it may vary for QRMP taxpayers or as notified.","","","",""
"What happens if GSTR-3B is filed late?","Late filing attracts late fees and interest on tax liability, and may block further return filing.","","","",""
"Can GSTR-3B be revised after filing?","No, GSTR-3B cannot be revised, but corrections can be made in subsequent returns.","","","",""
"What details are reported in GSTR-3B?","It includes outward taxable supplies, exempt supplies, ITC available, tax payable, and tax payment through cash or credit ledger.","","","",""
"What is the role of GSTR-3B in tax payment?","Tax liability is discharged through GSTR-3B by using ITC or cash payment.","","","",""
"What is the difference between GSTR-1 and GSTR-3B?","GSTR-1 contains invoice-level outward supply details, while GSTR-3B is a summary return for tax payment.","","","",""
"What is Input Tax Credit (ITC) in GST?","ITC is the credit of GST paid on purchases that can be used to offset GST liability on sales.","","","",""
"Can ITC be claimed without supplier filing GSTR-1?","ITC can generally be claimed only if invoices are reflected in GSTR-2B, meaning supplier has furnished details.","","","",""
"What is the maximum time limit to claim ITC?","ITC must be claimed before the due date of return filing for September of the following financial year or annual return filing, whichever is earlier.","","","",""
"What is reverse charge mechanism (RCM)?","RCM is a system where the recipient of goods or services pays GST instead of the supplier.","","","",""
"In which return is RCM liability reported?","RCM liability is reported and paid through GSTR-3B.","","","",""
"Can ITC be claimed on GST paid under RCM?","Yes, ITC can be claimed on GST paid under RCM, subject to eligibility conditions.","","","",""
"What is the electronic cash ledger in GST?","The electronic cash ledger is where taxpayers deposit cash to pay GST liabilities, interest, penalties, or fees.","","","",""
"What is the electronic credit ledger?","The electronic credit ledger reflects ITC available to offset GST output tax liability.","","","",""
"Can GST liability be paid fully through ITC?","GST liability can be paid through ITC except for certain components like interest, late fees, and penalties which must be paid in cash.","","","",""
"What is the late fee for delayed GSTR-3B filing?","Late fee is charged per day of delay subject to maximum limits as prescribed under GST law.","","","",""
"Why is filing GST returns regularly important?","Regular filing ensures compliance, avoids penalties, allows ITC flow, and prevents cancellation of GST registration.","","","",""
"What is a GST refund?","A GST refund is the amount returned to a taxpayer when excess tax has been paid or when eligible input tax credit is accumulated under GST provisions.","","","",""
"When can a taxpayer claim refund under GST?","Refund can be claimed in cases like excess tax payment, export of goods or services, inverted duty structure, or cancellation of registration.","","","",""
"What is refund of excess balance in electronic cash ledger?","It is a refund of unused cash deposited by the taxpayer in the electronic cash ledger after tax liabilities are discharged.","","","",""
"Can ITC balance be refunded directly?","ITC can be refunded only in specific cases like exports without payment of tax or inverted duty structure, not in normal domestic sales.","","","",""
"What is refund under inverted duty structure?","Refund under inverted duty structure arises when tax rate on inputs is higher than tax rate on outward supplies, leading to accumulation of ITC.","","","",""
"What is refund on account of exports?","Exporters can claim refund of unutilized ITC or IGST paid on exports, as exports are treated as zero-rated supplies.","","","",""
"What are zero-rated supplies under GST?","Zero-rated supplies include exports and supplies made to SEZ units or developers, where GST burden is removed through refund mechanism.","","","",""
"What is the time limit for filing GST refund application?","Refund application must generally be filed within 2 years from the relevant date as prescribed under GST law.","","","",""
"Which form is used to apply for refund under GST?","Refund application is filed in Form GST RFD-01 on the GST portal.","","","",""
"What is the role of Form GST RFD-02?","RFD-02 is an acknowledgement issued after successful filing of the refund application.","","","",""
"What is Form GST RFD-03?","RFD-03 is issued when the refund application is found deficient and requires resubmission after correction.","","","",""
"What is provisional refund under GST?","Provisional refund is a temporary refund granted, usually up to 90% in case of exporters, before detailed verification.","","","",""
"What is the maximum time limit for GST refund processing?","Refund should generally be processed within 60 days from the date of receipt of complete application.","","","",""
"What happens if refund is delayed beyond 60 days?","If refund is delayed, the taxpayer is entitled to interest on the refund amount as per GST provisions.","","","",""
"Can refund be withheld by the tax officer?","Yes, refund can be withheld in cases like pending proceedings, outstanding demand, or risk of revenue loss.","","","",""
"What documents are required for GST refund claim?","Documents may include invoices, shipping bills, BRC/FIRC for exports, declarations, and supporting statements as required.","","","",""
"Can a taxpayer claim refund for wrongly paid tax?","Yes, refund can be claimed if tax is paid under wrong head, such as CGST/SGST instead of IGST, subject to conditions.","","","",""
"What is refund of tax paid on deemed exports?","Deemed exports allow refund either to the supplier or recipient for supplies notified as deemed exports under GST rules.","","","",""
"Can refund be claimed after cancellation of GST registration?","Yes, refund of remaining balance in electronic cash ledger can be claimed after cancellation of registration.","","","",""
"Why is GST refund reconciliation important?","Refund claims require matching of returns, invoices, and ITC records, so reconciliation avoids rejection and departmental notices.","","","",""
"What is GST registration?","GST registration is the process by which a taxpayer gets registered under GST law and is assigned a unique GSTIN to collect and pay tax.","","","",""
"Who is required to take GST registration?","Any person whose aggregate turnover exceeds the prescribed threshold limit must register under GST, subject to conditions.","","","",""
"What is the threshold limit for GST registration?","The threshold is generally Rs. 40 lakh for goods and Rs. 20 lakh for services, but it varies for special category states.","","","",""
"Is GST registration mandatory for inter-state supply?","Yes, persons making inter-state taxable supply are generally required to register irrespective of turnover limit.","","","",""
"Is GST registration compulsory for e-commerce sellers?","Yes, sellers supplying through e-commerce operators are required to register under GST in most cases.","","","",""
"What is GSTIN?","GSTIN is a 15-digit Goods and Services Tax Identification Number issued to every registered taxpayer.","","","",""
"How is GSTIN structured?","GSTIN consists of state code, PAN, entity code, and a checksum digit.","","","",""
"What documents are required for GST registration?","PAN, Aadhaar, proof of business address, bank details, photograph, and authorization documents are generally required.","","","",""
"What is the process of applying for GST registration?","GST registration is applied online through Form GST REG-01 on the GST portal with required documents.","","","",""
"What is the time limit for GST registration approval?","If documents are correct, registration is usually granted within 7 working days, otherwise clarification may be sought.","","","",""
"What is Form GST REG-03?","REG-03 is a notice issued by the department seeking clarification or additional documents for registration.","","","",""
"What is Form GST REG-06?","REG-06 is the registration certificate issued after successful GST registration.","","","",""
"Can GST registration be cancelled?","Yes, GST registration can be cancelled either voluntarily by the taxpayer or by the department under prescribed conditions.","","","",""
"When can a taxpayer apply for voluntary cancellation of GST registration?","A taxpayer can apply for cancellation if business is discontinued, transferred, or no longer liable for registration.","","","",""
"What is Form GST REG-16?","REG-16 is the application form used for cancellation of GST registration by the taxpayer.","","","",""
"When can the department cancel GST registration?","The department may cancel registration for non-filing of returns, fraud, or violation of GST provisions.","","","",""
"What happens after GST registration is cancelled?","The taxpayer cannot collect GST, must file final return, and may need to pay tax on stock held at cancellation date.","","","",""
"What is the final return under GST?","Final return is filed in Form GSTR-10 after cancellation of GST registration.","","","",""
"Can cancelled GST registration be revoked?","Yes, cancellation can be revoked if taxpayer applies within prescribed time and complies with pending obligations.","","","",""
"Why is GST registration compliance important?","Proper registration ensures legal tax collection, ITC flow, avoidance of penalties, and smooth business operations.","","","",""
"What is an E-Way Bill under GST?","An E-Way Bill is an electronic document required for movement of goods worth more than the prescribed limit under GST law.","","","",""
"When is an E-Way Bill required?","It is required when goods of value exceeding Rs. 50,000 are transported for supply, job work, or reasons other than supply.","","","",""
"Who should generate the E-Way Bill?","The supplier, recipient, or transporter can generate the E-Way Bill depending on who is causing the movement of goods.","","","",""
"What is the threshold limit for mandatory E-Way Bill generation?","E-Way Bill is mandatory when consignment value exceeds Rs. 50,000, subject to state-specific rules.","","","",""
"Is E-Way Bill required for intra-state movement?","Yes, E-Way Bill may be required for intra-state movement depending on the state regulations and threshold.","","","",""
"Is E-Way Bill required for inter-state movement?","Yes, E-Way Bill is mandatory for inter-state movement of goods exceeding the threshold limit.","","","",""
"What details are included in an E-Way Bill?","It includes supplier details, recipient details, invoice number, goods description, value, and transporter information.","","","",""
"What are the main parts of an E-Way Bill?","E-Way Bill consists of Part A containing invoice details and Part B containing transporter and vehicle details.","","","",""
"Can E-Way Bill be generated without vehicle number?","Part A can be generated first, but Part B with vehicle number must be updated before goods movement.","","","",""
"What is the validity period of an E-Way Bill?","Validity depends on distance, generally one day for up to 200 km and additional days for every further 200 km.","","","",""
"Can an E-Way Bill be cancelled?","Yes, an E-Way Bill can be cancelled within 24 hours if goods are not transported or details are incorrect.","","","",""
"Can an E-Way Bill be edited after generation?","No, E-Way Bill cannot be edited, but vehicle details can be updated in Part B.","","","",""
"What is the consequence of transporting goods without an E-Way Bill?","Transport without E-Way Bill may lead to detention of goods, penalties, and tax demand under GST provisions.","","","",""
"Is E-Way Bill required for exempted goods?","No, E-Way Bill is generally not required for transport of exempted goods as notified.","","","",""
"Is E-Way Bill required for goods transported by non-motor vehicle?","No, E-Way Bill is not required when goods are transported by non-motorized conveyance like handcart.","","","",""
"What is the role of transporter in E-Way Bill generation?","Transporters generate or update Part B when suppliers or recipients have not generated the E-Way Bill.","","","",""
"Can multiple invoices be covered in one E-Way Bill?","No, each invoice generally requires a separate E-Way Bill, though consolidated E-Way Bill can be generated for transport.","","","",""
"What is a consolidated E-Way Bill?","A consolidated E-Way Bill is a document containing multiple E-Way Bills for goods transported in one vehicle.","","","",""
"What is the penalty for E-Way Bill non-compliance?","Penalty may include tax payable plus penalty equal to tax amount or higher as prescribed under GST law.","","","",""
"Why is E-Way Bill compliance important for businesses?","E-Way Bill ensures legal movement of goods, avoids detention, prevents penalties, and supports smooth GST compliance.","","","",""
"What is GST Annual Return?","GST Annual Return is a yearly return filed by registered taxpayers summarizing outward supplies, inward supplies, ITC claimed, and tax paid during the financial year.","","","",""
"Which form is used for GST Annual Return?","Form GSTR-9 is used for filing the annual return by regular taxpayers.","","","",""
"Who is required to file GSTR-9?","All regular GST registered taxpayers are required to file GSTR-9 unless exempted by notification.","","","",""
"Who is not required to file GSTR-9?","Composition taxpayers, ISD, non-resident taxable persons, and TDS/TCS deductors are not required to file GSTR-9.","","","",""
"What is the due date for filing GSTR-9?","GSTR-9 is generally due by 31st December following the end of the financial year, subject to extensions.","","","",""
"What is GSTR-9C?","GSTR-9C is a reconciliation statement between audited financial statements and GST returns, certified by a CA or CMA.","","","",""
"Who is required to file GSTR-9C?","Taxpayers whose turnover exceeds the prescribed threshold limit are required to file GSTR-9C, subject to current notifications.","","","",""
"What is the purpose of GSTR-9C?","The purpose is to reconcile turnover, tax paid, and ITC claimed as per GST returns with audited financial records.","","","",""
"Is GST audit mandatory for all taxpayers?","No, GST audit requirements apply only to taxpayers exceeding the prescribed turnover limit or as notified.","","","",""
"What details are reported in GSTR-9?","GSTR-9 reports annual summary of sales, purchases, ITC availed, tax paid, refunds, demands, and adjustments.","","","",""
"Can GSTR-9 be revised after filing?","No, GSTR-9 cannot be revised once filed, so accuracy is important.","","","",""
"What is the importance of reconciliation before filing GSTR-9?","Reconciliation ensures consistency between GSTR-1, GSTR-3B, ITC records, and financial statements to avoid notices.","","","",""
"What are common mismatches identified in GST audit?","Common mismatches include turnover differences, ITC mismatch with GSTR-2B, incorrect tax payment, and classification errors.","","","",""
"What is the penalty for non-filing of GSTR-9?","Late fees and penalties may apply as prescribed under GST law, subject to maximum limits.","","","",""
"What is the role of a Chartered Accountant in GST audit?","A CA assists in reconciliation, certification of GSTR-9C, compliance review, and advising on GST risk areas.","","","",""
"What is the difference between GSTR-9 and GSTR-9C?","GSTR-9 is an annual return summary, while GSTR-9C is a reconciliation statement certified by a professional.","","","",""
"Does annual return include amendments made in next year?","Yes, amendments relating to the financial year but reported up to September of next year are reflected in annual return tables.","","","",""
"What is the treatment of ITC reversal in annual return?","Any ITC reversed due to ineligibility, non-payment, or other reasons must be properly disclosed in GSTR-9.","","","",""
"Why is GST annual compliance important for businesses?","Annual compliance ensures accurate reporting, prevents departmental scrutiny, supports audits, and avoids future disputes.","","","",""
"What records should be maintained for GST audit purposes?","Taxpayers should maintain invoices, purchase registers, ITC workings, e-way bills, ledgers, and reconciliation statements.","","","",""
"What is the Composition Scheme under GST?","Composition Scheme is a simplified GST scheme for small taxpayers to pay tax at a fixed rate on turnover with reduced compliance.","","","",""
"Who can opt for the Composition Scheme?","Small taxpayers whose turnover is within the prescribed limit and who meet eligibility conditions can opt for the scheme.","","","",""
"What is the turnover limit for Composition Scheme?","The limit is generally Rs. 1.5 crore for most states and Rs. 75 lakh for special category states, subject to notifications.","","","",""
"Can service providers opt for Composition Scheme?","Yes, eligible service providers can opt under a special composition scheme up to Rs. 50 lakh turnover.","","","",""
"What is the tax rate under Composition Scheme?","Tax is paid at a lower fixed rate depending on business type, such as manufacturers, traders, or restaurants.","","","",""
"Can a composition taxpayer collect GST from customers?","No, composition taxpayers cannot collect GST separately from customers.","","","",""
"Can a composition taxpayer claim Input Tax Credit (ITC)?","No, ITC cannot be claimed under the Composition Scheme.","","","",""
"Which return is filed by composition taxpayers?","Composition taxpayers file quarterly return in Form CMP-08 and annual return in Form GSTR-4.","","","",""
"What is Form CMP-08?","CMP-08 is a quarterly statement-cum-challan used for payment of tax by composition taxpayers.","","","",""
"What is GSTR-4?","GSTR-4 is the annual return filed by taxpayers registered under the Composition Scheme.","","","",""
"Can inter-state supply be made under Composition Scheme?","No, composition taxpayers are generally not allowed to make inter-state outward taxable supplies.","","","",""
"Are e-commerce supplies allowed under Composition Scheme?","No, taxpayers supplying through e-commerce operators required to collect TCS cannot opt for composition scheme.","","","",""
"Can a composition taxpayer issue a tax invoice?","No, composition taxpayers issue a bill of supply instead of a tax invoice.","","","",""
"What is bill of supply under GST?","Bill of supply is a document issued when GST is not charged separately, such as under Composition Scheme or exempt supplies.","","","",""
"How can a taxpayer opt into Composition Scheme?","Taxpayer can opt by filing Form GST CMP-02 on the GST portal at the beginning of the financial year.","","","",""
"When can a taxpayer withdraw from Composition Scheme?","A taxpayer can withdraw voluntarily or must exit if turnover exceeds the limit or eligibility conditions are violated.","","","",""
"What happens if turnover exceeds the composition limit?","The taxpayer must switch to the regular scheme and pay tax normally from the day turnover exceeds the limit.","","","",""
"What are the advantages of Composition Scheme?","It offers lower tax rates, reduced compliance burden, and simplified return filing for small taxpayers.","","","",""
"What are the disadvantages of Composition Scheme?","Taxpayer cannot claim ITC, cannot collect tax from customers, and cannot make inter-state outward supplies.","","","",""
"Why is Composition Scheme important for CA professionals?","CAs advise clients on eligibility, compliance, cost-benefit analysis, and transition between composition and regular schemes.","","","",""
"What is a GST notice?","A GST notice is an official communication issued by the tax department to seek information, clarification, or demand tax from a taxpayer.","","","",""
"Why are GST notices issued?","Notices are issued for non-compliance, mismatch in returns, short payment of tax, excess ITC claim, or late filing of returns.","","","",""
"What is a demand notice under GST?","A demand notice is issued when tax, interest, or penalty is payable by the taxpayer due to short payment or wrongful ITC claim.","","","",""
"What is Section 73 notice under GST?","Section 73 notice is issued for tax demand cases not involving fraud or willful misstatement.","","","",""
"What is Section 74 notice under GST?","Section 74 notice is issued when tax demand involves fraud, suppression, or intentional misstatement.","","","",""
"What is the difference between Section 73 and Section 74?","Section 73 applies to non-fraud cases, while Section 74 applies to fraud or willful misstatement cases with higher penalties.","","","",""
"What is Form GST DRC-01?","DRC-01 is the notice issued for tax demand along with details of tax, interest, and penalty payable.","","","",""
"What is Form GST DRC-02?","DRC-02 is a summary of the demand notice electronically uploaded by the department.","","","",""
"What is Form GST DRC-03?","DRC-03 is used by taxpayers to make voluntary payment of tax, interest, or penalty before or after notice.","","","",""
"What is a show cause notice (SCN) in GST?","SCN is issued asking the taxpayer to explain why tax demand or penalty should not be imposed.","","","",""
"What is the time limit to reply to a GST notice?","Taxpayers must reply within the time specified in the notice, usually 7 to 30 days depending on notice type.","","","",""
"What happens if GST notice is ignored?","Ignoring notices may lead to ex-parte orders, tax recovery proceedings, penalties, and cancellation of registration.","","","",""
"What is GST recovery proceeding?","Recovery proceeding is the process of collecting unpaid tax dues through attachment of bank accounts, property, or other measures.","","","",""
"What is Form GST DRC-07?","DRC-07 is the summary order issued after adjudication confirming tax demand and penalty.","","","",""
"What is a GST assessment order?","An assessment order is a legal order determining tax liability after scrutiny, audit, or demand proceedings.","","","",""
"What is scrutiny of returns under GST?","Scrutiny is verification of filed returns by the department to identify discrepancies or mismatches.","","","",""
"What is Form GST ASMT-10?","ASMT-10 is a notice issued for discrepancies found during scrutiny of returns.","","","",""
"What is Form GST ASMT-11?","ASMT-11 is the reply filed by the taxpayer against scrutiny notice ASMT-10.","","","",""
"What is Form GST ASMT-12?","ASMT-12 is the order issued after accepting taxpayer’s explanation or initiating further action.","","","",""
"What is mismatch notice for ITC?","Mismatch notice is issued when ITC claimed in GSTR-3B does not match invoices reflected in GSTR-2B.","","","",""
"What is demand due to excess ITC claim?","Demand arises when ITC is wrongly claimed or ineligible ITC is utilized beyond permitted limits.","","","",""
"What is penalty for wrongful ITC claim?","Penalty may include tax amount plus interest and additional penalty depending on whether fraud is involved.","","","",""
"Can GST demand be paid in installments?","Yes, in certain cases taxpayers may apply for installment payment facility subject to approval by authorities.","","","",""
"Can a taxpayer appeal against GST demand order?","Yes, taxpayer can file appeal to the Appellate Authority within prescribed time limits.","","","",""
"Why is GST notice handling important for CA professionals?","CAs assist clients in drafting replies, reconciliation, litigation support, and ensuring compliance to avoid heavy penalties.","","","",""
"What is GST TDS?","GST TDS is Tax Deducted at Source where specified entities deduct tax while making payment to suppliers for taxable goods or services.","","","",""
"Who is liable to deduct TDS under GST?","Government departments, local authorities, PSUs, and notified entities are required to deduct TDS under GST.","","","",""
"When is GST TDS applicable?","GST TDS applies when the value of supply under a contract exceeds Rs. 2.5 lakh, excluding GST.","","","",""
"What is the rate of GST TDS?","GST TDS is deducted at 2% total, i.e., 1% CGST and 1% SGST or 2% IGST for inter-state supply.","","","",""
"Is GST TDS applicable on exempt supplies?","No, GST TDS is not applicable on exempt supplies or non-taxable supplies.","","","",""
"Is GST TDS deducted on GST amount?","No, TDS is deducted on the value of supply excluding GST component.","","","",""
"What is the due date for depositing GST TDS?","TDS must be deposited within 10 days after the end of the month in which deduction is made.","","","",""
"Which return is filed for GST TDS?","Return for GST TDS is filed in Form GSTR-7.","","","",""
"What is Form GSTR-7?","GSTR-7 is the monthly return filed by TDS deductors showing details of deductions and payments.","","","",""
"What is GST TDS certificate?","A TDS certificate is issued in Form GSTR-7A to the supplier after filing GSTR-7.","","","",""
"What is the time limit for issuing GST TDS certificate?","TDS certificate must be issued within 5 days of filing GSTR-7.","","","",""
"What happens if GST TDS certificate is not issued on time?","Late issuance attracts a late fee of Rs. 100 per day subject to a maximum of Rs. 5,000.","","","",""
"How can the supplier claim credit of GST TDS?","The deducted amount is reflected in the supplier’s electronic cash ledger and can be used for tax payment.","","","",""
"What is GST TCS?","GST TCS is Tax Collected at Source collected by e-commerce operators on supplies made through their platform.","","","",""
"Who is required to collect TCS under GST?","E-commerce operators facilitating taxable supplies are required to collect TCS under GST.","","","",""
"What is the rate of GST TCS?","GST TCS is collected at 1% total, i.e., 0.5% CGST and 0.5% SGST or 1% IGST for inter-state supplies.","","","",""
"On what amount is GST TCS collected?","TCS is collected on the net value of taxable supplies made through the e-commerce operator.","","","",""
"Which return is filed for GST TCS?","E-commerce operators file TCS return in Form GSTR-8.","","","",""
"What is Form GSTR-8?","GSTR-8 is the monthly return filed by e-commerce operators reporting supplies and TCS collected.","","","",""
"What is the due date for filing GSTR-8?","GSTR-8 must be filed by the 10th of the succeeding month.","","","",""
"How does TCS benefit the government?","TCS helps track online transactions and ensures tax compliance by suppliers selling through e-commerce platforms.","","","",""
"How does TCS impact suppliers?","Suppliers can claim the TCS amount as credit in their electronic cash ledger for payment of GST liabilities.","","","",""
"What is the difference between GST TDS and GST TCS?","TDS is deducted by notified entities on payments to suppliers, while TCS is collected by e-commerce operators on online supplies.","","","",""
"What are the penalties for late filing of GSTR-7 or GSTR-8?","Late filing attracts late fees and interest as prescribed under GST law.","","","",""
"Why is GST TDS/TCS important for CA professionals?","CAs ensure correct deduction, return filing, reconciliation, and advisory support to avoid compliance issues and penalties.","","","",""
"What is Input Tax Credit (ITC) under GST?","ITC is the credit of GST paid on purchases that can be used to reduce GST liability on outward supplies.","","","",""
"What are the basic conditions to claim ITC?","Taxpayer must have a tax invoice, goods or services received, supplier has filed returns, and tax has been paid to government.","","","",""
"What is Section 16 of CGST Act?","Section 16 provides eligibility and conditions for taking Input Tax Credit under GST.","","","",""
"What is Section 17(5) under GST?","Section 17(5) specifies blocked credits where ITC is not allowed even if tax is paid.","","","",""
"What are blocked credits under GST?","Blocked credits are expenses where ITC cannot be claimed, such as motor vehicles, personal consumption, and certain services.","","","",""
"Is ITC available on motor vehicles?","ITC on motor vehicles is blocked except when used for further supply, transportation, or training purposes.","","","",""
"Is ITC allowed on food and beverages?","No, ITC is blocked on food, beverages, outdoor catering, and similar personal consumption expenses.","","","",""
"Is ITC allowed on employee welfare expenses?","ITC is blocked on employee-related benefits like health insurance or travel unless mandatory under law.","","","",""
"Can ITC be claimed on construction of immovable property?","No, ITC is not allowed on works contract or construction expenses for immovable property except for plant and machinery.","","","",""
"What is the meaning of plant and machinery for ITC?","Plant and machinery includes apparatus and equipment fixed to earth, excluding land, buildings, and pipelines outside factory.","","","",""
"Is ITC available on goods used for personal consumption?","No, ITC is blocked if goods or services are used for personal consumption.","","","",""
"What is ITC reversal under GST?","ITC reversal means reducing claimed credit when goods are used for exempt supplies, personal use, or non-payment conditions.","","","",""
"When is ITC reversal required for exempt supplies?","ITC must be reversed proportionately when inputs are used for both taxable and exempt supplies.","","","",""
"What is Rule 42 under GST?","Rule 42 provides the mechanism for ITC reversal on inputs and input services used for exempt supplies.","","","",""
"What is Rule 43 under GST?","Rule 43 deals with ITC reversal for capital goods used for exempt supplies or partly taxable supplies.","","","",""
"What is the time limit to pay supplier for ITC eligibility?","Payment must be made within 180 days from invoice date, otherwise ITC must be reversed with interest.","","","",""
"Can reversed ITC be reclaimed after payment?","Yes, once payment is made to supplier, the ITC can be reclaimed.","","","",""
"What is the restriction of ITC as per GSTR-2B?","ITC can generally be claimed only if invoice details are reflected in GSTR-2B.","","","",""
"What is ITC mismatch?","ITC mismatch occurs when credit claimed in GSTR-3B does not match invoices reported by suppliers in GSTR-1 and reflected in GSTR-2B.","","","",""
"Is ITC allowed on goods lost, stolen, or destroyed?","No, ITC is blocked on goods lost, stolen, destroyed, written off, or disposed of by gift or free samples.","","","",""
"Is ITC allowed on GST paid under reverse charge?","Yes, ITC can be claimed on reverse charge tax paid, subject to eligibility conditions.","","","",""
"What is ITC apportionment?","ITC apportionment means dividing ITC between eligible and ineligible portions when used for multiple purposes.","","","",""
"What is the importance of ITC reconciliation for CA professionals?","ITC reconciliation ensures compliance, avoids notices, prevents wrongful credit claims, and supports accurate return filing.","","","",""
"What is the penalty risk for wrong ITC claim?","Wrong ITC claim may lead to demand of tax, interest, and penalty, especially if fraud or suppression is involved.","","","",""
"Why is Section 17(5) critical in GST compliance?","Section 17(5) defines blocked credits and prevents taxpayers from wrongly claiming ITC on restricted expenses.","","","",""
"What is E-Invoicing under GST?","E-Invoicing is a system where B2B invoices are electronically authenticated by the Invoice Registration Portal (IRP) and assigned an IRN.","","","",""
"What is the purpose of E-Invoicing?","The purpose is to standardize invoice reporting, reduce tax evasion, and enable real-time invoice matching under GST.","","","",""
"Who is required to generate E-Invoices?","Taxpayers whose turnover exceeds the notified threshold limit are required to generate E-Invoices for B2B supplies.","","","",""
"Is E-Invoicing mandatory for all taxpayers?","No, E-Invoicing applies only to taxpayers notified by the government based on turnover criteria.","","","",""
"For which transactions is E-Invoicing applicable?","E-Invoicing is mainly applicable for B2B invoices, exports, and credit or debit notes issued to registered persons.","","","",""
"Is E-Invoicing required for B2C invoices?","No, E-Invoicing is not required for B2C invoices, though QR code requirements may apply separately.","","","",""
"What is IRN in E-Invoicing?","IRN stands for Invoice Reference Number, a unique number generated by the IRP for each e-invoice.","","","",""
"What is the Invoice Registration Portal (IRP)?","IRP is the government portal that validates invoice details and generates IRN and QR code for e-invoices.","","","",""
"What is a QR code in E-Invoicing?","QR code is generated along with IRN containing key invoice details for quick verification.","","","",""
"Can an invoice be issued without IRN if E-Invoicing is applicable?","No, invoices must be registered on IRP and must contain IRN to be considered valid.","","","",""
"What is the time limit for generating an E-Invoice?","E-Invoice must be generated and registered on IRP before issuing the invoice or movement of goods.","","","",""
"Can an E-Invoice be cancelled?","Yes, an E-Invoice can be cancelled within 24 hours on the IRP if not used or reported incorrectly.","","","",""
"Can an E-Invoice be amended on IRP?","No, amendments cannot be done on IRP; changes must be made through GST returns like GSTR-1.","","","",""
"What are the benefits of E-Invoicing for taxpayers?","Benefits include automated return filing, reduced errors, faster ITC flow, and improved compliance.","","","",""
"Does E-Invoicing integrate with E-Way Bill?","Yes, e-invoice data can auto-populate Part A of E-Way Bill, reducing duplication.","","","",""
"Is E-Invoicing applicable for exports?","Yes, E-Invoicing is applicable for export invoices when taxpayer falls under mandatory criteria.","","","",""
"What types of documents are covered under E-Invoicing?","Tax invoices, credit notes, debit notes, and export invoices are covered under E-Invoicing system.","","","",""
"What happens if E-Invoice is not generated when required?","Invoice may be treated as invalid and penalties may be imposed under GST law.","","","",""
"Is E-Invoicing required for exempt supplies?","No, E-Invoicing is generally not required for wholly exempt supplies.","","","",""
"Can multiple IRNs be generated for the same invoice?","No, only one IRN is generated per invoice and duplicate registration is not allowed.","","","",""
"What is the role of CA professionals in E-Invoicing compliance?","CAs guide clients on applicability, system implementation, reconciliation, and avoiding compliance penalties.","","","",""
"Does E-Invoicing reduce GST return mismatches?","Yes, it improves invoice matching between supplier and recipient and reduces ITC disputes.","","","",""
"Is E-Invoicing applicable for SEZ supplies?","Yes, E-Invoicing applies to SEZ supplies if taxpayer is covered under mandatory turnover threshold.","","","",""
"What is the impact of E-Invoicing on GSTR-1?","E-Invoice details are auto-populated into GSTR-1, reducing manual reporting effort.","","","",""
"Why is E-Invoicing important for GST compliance?","E-Invoicing ensures transparency, reduces fake invoicing, improves ITC flow, and strengthens GST enforcement.","","","",""
"What is GST refund rejection?","GST refund rejection occurs when the tax officer disallows a refund claim due to errors, ineligibility, or non-compliance.","","","",""
"What are common reasons for GST refund rejection?","Common reasons include incorrect documentation, mismatch in returns, ineligible ITC claim, or failure to meet refund conditions.","","","",""
"What is Form GST RFD-06?","RFD-06 is the final refund sanction or rejection order issued by the GST officer.","","","",""
"What is Form GST RFD-08?","RFD-08 is a show cause notice issued when the officer proposes to reject the refund claim.","","","",""
"What is Form GST RFD-09?","RFD-09 is the reply filed by the taxpayer against the show cause notice issued in RFD-08.","","","",""
"What happens if taxpayer does not reply to refund SCN?","If no reply is filed, the officer may reject the refund claim through an ex-parte order.","","","",""
"Can a taxpayer appeal against refund rejection?","Yes, taxpayer can file an appeal against refund rejection order within the prescribed time limit.","","","",""
"What is the time limit for filing appeal under GST?","Appeal must generally be filed within 3 months from the date of communication of the order.","","","",""
"Which form is used to file GST appeal?","Appeal is filed in Form GST APL-01 before the Appellate Authority.","","","",""
"What is the role of Appellate Authority in GST?","Appellate Authority reviews the order passed by adjudicating officer and may confirm, modify, or annul it.","","","",""
"Is pre-deposit required for filing GST appeal?","Yes, taxpayer must pay the admitted amount plus prescribed percentage of disputed tax as pre-deposit.","","","",""
"What is the pre-deposit amount for GST appeal?","Generally, 10% of the disputed tax amount must be deposited for filing appeal.","","","",""
"Can refund be refiled after rejection?","Refund application cannot be refiled for same period, but taxpayer may correct issues and file appeal.","","","",""
"What is unjust enrichment in GST refund?","Unjust enrichment means refund is not granted if tax burden has been passed on to another person.","","","",""
"Is unjust enrichment applicable for export refunds?","No, unjust enrichment does not apply to refunds arising from zero-rated supplies like exports.","","","",""
"What is refund adjustment against outstanding demand?","Refund may be adjusted against any pending GST demand or tax liability before being paid to taxpayer.","","","",""
"What is the role of CA in refund litigation?","CAs assist in documentation, reconciliation, drafting replies, filing appeals, and representing clients in disputes.","","","",""
"Can interest be claimed on delayed refund?","Yes, interest is payable if refund is not processed within 60 days from the date of complete application.","","","",""
"What is the rate of interest on delayed GST refund?","Interest is generally payable at the rate notified under GST law, usually 6% per annum.","","","",""
"What happens when refund is partially sanctioned?","Officer may sanction eligible portion and reject the balance through a speaking order.","","","",""
"What is the importance of refund reconciliation?","Reconciliation ensures refund claim matches returns, invoices, and ITC records, reducing chances of rejection.","","","",""
"What documents are crucial for export refund claims?","Key documents include shipping bills, export invoices, LUT/Bond, and BRC/FIRC proof of foreign remittance.","","","",""
"What is LUT in GST refunds?","LUT is a Letter of Undertaking filed to export goods or services without payment of IGST and claim ITC refund.","","","",""
"Can refund be rejected due to GSTR-1 and GSTR-3B mismatch?","Yes, mismatch between outward supplies reported in returns can lead to refund rejection.","","","",""
"Why is appeal process important for GST refunds?","Appeals provide taxpayers legal remedy against wrongful rejection and help recover eligible refund amounts.","","","",""
"What is Place of Supply under GST?","Place of Supply is the location where a supply of goods or services is considered to be made for determining the type of GST applicable.","","","",""
"Why is Place of Supply important in GST?","It determines whether a transaction is intra-state or inter-state and whether CGST+SGST or IGST will be charged.","","","",""
"Which law governs Place of Supply provisions?","Place of Supply provisions are governed under the IGST Act, 2017.","","","",""
"What is intra-state supply?","Intra-state supply occurs when the location of supplier and place of supply are in the same state, attracting CGST and SGST.","","","",""
"What is inter-state supply?","Inter-state supply occurs when the supplier and place of supply are in different states or countries, attracting IGST.","","","",""
"What is the general rule for Place of Supply of goods?","Place of supply of goods is generally the location where movement of goods terminates for delivery to the recipient.","","","",""
"What is Place of Supply when goods are supplied without movement?","If goods are supplied without movement, place of supply is the location of goods at the time of delivery.","","","",""
"What is Place of Supply for goods delivered on direction of third person?","Place of supply is the principal place of business of the third person who directs delivery.","","","",""
"What is Place of Supply for goods imported into India?","Place of supply for imported goods is the location of the importer in India.","","","",""
"What is Place of Supply for goods exported outside India?","Place of supply for exported goods is the location outside India, treated as zero-rated supply.","","","",""
"What is the general rule for Place of Supply of services to registered persons?","Place of supply is the location of the recipient when the recipient is a registered person.","","","",""
"What is Place of Supply of services to unregistered persons?","Place of supply is the address of recipient on record, otherwise the location of supplier.","","","",""
"What is Place of Supply for services related to immovable property?","Place of supply is the location of the immovable property, such as hotel accommodation or construction services.","","","",""
"What is Place of Supply for restaurant and catering services?","Place of supply is the location where the services are actually performed.","","","",""
"What is Place of Supply for event-related services?","Place of supply is the location where the event is actually held.","","","",""
"What is Place of Supply for transportation of goods services?","For registered recipient, place is recipient location; for unregistered, place is where goods are handed over for transport.","","","",""
"What is Place of Supply for passenger transportation services?","For registered recipient, place is recipient location; for unregistered, place is where passenger embarks on conveyance.","","","",""
"What is Place of Supply for banking and financial services?","Place of supply is the location of recipient as per supplier’s records, otherwise location of supplier.","","","",""
"What is Place of Supply for insurance services?","For registered person, place is recipient location; for unregistered, place is address on record.","","","",""
"What is Place of Supply for advertisement services to government?","Place of supply is the location of the government authority receiving the service.","","","",""
"What is Place of Supply for telecom services?","Place of supply depends on nature of service, such as billing address for postpaid or location of recharge for prepaid.","","","",""
"What is Place of Supply for online information and database access services (OIDAR)?","Place of supply is the location of the recipient of service, especially for cross-border digital services.","","","",""
"What is Place of Supply for export of services?","Export of services occurs when supplier is in India, recipient outside India, payment in foreign currency, and place of supply outside India.","","","",""
"What is Place of Supply for import of services?","Import of services occurs when supplier is outside India, recipient in India, and place of supply is in India.","","","",""
"Why is Place of Supply critical for CA professionals?","Correct determination avoids wrong tax payment, prevents notices, ensures proper IGST vs CGST/SGST compliance, and supports audits.","","","",""
"What is a penalty under GST?","Penalty under GST is a monetary punishment imposed for non-compliance with GST provisions such as late filing, tax evasion, or wrong ITC claims.","","","",""
"Which section covers general penalty under GST?","Section 125 of CGST Act covers general penalty for offences where no specific penalty is prescribed.","","","",""
"What is the maximum general penalty under Section 125?","General penalty can extend up to Rs. 25,000 under GST.","","","",""
"What are offences under GST?","Offences are violations like supplying without invoice, issuing fake invoices, wrongful ITC claim, or collecting tax but not paying to government.","","","",""
"Which section deals with offences and penalties under GST?","Section 122 of CGST Act deals with offences and penalties for taxable persons.","","","",""
"What is penalty for supplying goods without invoice?","Penalty is Rs. 10,000 or amount of tax evaded, whichever is higher.","","","",""
"What is penalty for issuing fake invoices?","Issuing fake invoices attracts penalty equal to tax evaded and may also lead to prosecution.","","","",""
"What is penalty for wrongful ITC claim?","Wrongful ITC claim attracts penalty equal to tax amount and interest, especially if fraud is involved.","","","",""
"What is penalty for collecting GST but not depositing it?","Penalty is equal to tax collected and not paid, along with interest and possible prosecution.","","","",""
"What is the penalty for failure to register under GST?","Penalty is Rs. 10,000 or tax due, whichever is higher, for liable persons not registered.","","","",""
"What is the penalty for late filing of GST returns?","Late fee is charged per day of delay subject to maximum limits, along with interest on tax liability.","","","",""
"What is the interest rate for delayed GST payment?","Interest is generally payable at 18% per annum on delayed tax payment.","","","",""
"What is the penalty for not issuing e-invoice when applicable?","Invoice may be treated invalid and penalty may apply under Section 122 for non-compliance.","","","",""
"What is penalty for transporting goods without e-way bill?","Penalty includes tax plus 100% penalty or detention of goods under Section 129.","","","",""
"What is Section 129 under GST?","Section 129 deals with detention, seizure, and release of goods and conveyance during transit violations.","","","",""
"What is Section 130 under GST?","Section 130 deals with confiscation of goods and conveyance and levy of penalty in serious offences.","","","",""
"What is the penalty for fraud under GST?","Penalty is equal to 100% of tax evaded and prosecution may apply depending on amount involved.","","","",""
"What is the difference between fraud and non-fraud cases in GST penalty?","Fraud cases involve intention to evade tax and attract higher penalties, whereas non-fraud cases have lower penalties.","","","",""
"What is Section 73 under GST?","Section 73 covers demand for tax not paid or short paid without fraud or wilful misstatement.","","","",""
"What is Section 74 under GST?","Section 74 covers demand for tax not paid or short paid due to fraud, suppression, or wilful misstatement.","","","",""
"What is penalty under Section 74?","Penalty under Section 74 can be equal to tax amount, with reduced penalty if paid early.","","","",""
"Can penalty be reduced under GST?","Yes, penalties can be reduced if tax and interest are paid before issuance of notice or within prescribed time.","","","",""
"What is prosecution under GST?","Prosecution refers to criminal proceedings for serious GST offences like fake invoicing or large-scale tax evasion.","","","",""
"When does GST prosecution apply?","Prosecution applies when tax evasion exceeds prescribed threshold limits and offence is intentional.","","","",""
"Why are GST penalties important for CA professionals?","CAs must ensure compliance, prevent client exposure to heavy penalties, handle notices, and support litigation management.","","","",""
"What is GST demand?","GST demand is a tax liability raised by the department when tax is unpaid, short paid, wrongly refunded, or ITC is wrongly claimed.","","","",""
"Which sections deal with GST demand?","GST demand is mainly covered under Sections 73 and 74 of the CGST Act.","","","",""
"What is the difference between Section 73 and Section 74?","Section 73 applies to non-fraud cases, while Section 74 applies to fraud, wilful misstatement, or suppression cases.","","","",""
"What is a GST show cause notice (SCN)?","SCN is a notice issued by the department asking taxpayer to explain why tax demand should not be confirmed.","","","",""
"Which form is used for GST demand notice?","Demand notice is generally issued in Form GST DRC-01.","","","",""
"What is Form GST DRC-02?","DRC-02 is a summary of the show cause notice electronically uploaded on GST portal.","","","",""
"What is Form GST DRC-03?","DRC-03 is used for voluntary payment of tax, interest, and penalty before or after notice.","","","",""
"What is Form GST DRC-06?","DRC-06 is the acknowledgement issued after payment made through DRC-03.","","","",""
"What is Form GST DRC-07?","DRC-07 is the summary of the final order confirming demand issued by GST officer.","","","",""
"What is the time limit for issuing demand under Section 73?","Order must be issued within 3 years from the due date of annual return for the relevant financial year.","","","",""
"What is the time limit for issuing demand under Section 74?","Order must be issued within 5 years from the due date of annual return due to fraud involvement.","","","",""
"Can taxpayer pay demand before SCN is issued?","Yes, taxpayer can voluntarily pay tax with interest to avoid further proceedings.","","","",""
"What happens if tax is paid before SCN under Section 73?","No notice will be issued if tax and interest are paid before SCN in non-fraud cases.","","","",""
"What is GST recovery process?","Recovery process is the mechanism used by department to collect confirmed demand if taxpayer does not pay.","","","",""
"Which section covers recovery of GST dues?","Section 79 of CGST Act covers recovery of tax dues.","","","",""
"What are modes of GST recovery?","Recovery can be through deduction from refunds, bank account attachment, property sale, or notice to debtors.","","","",""
"What is bank account attachment under GST?","GST authorities may attach taxpayer’s bank account to recover unpaid dues under Section 79.","","","",""
"What is provisional attachment under GST?","Provisional attachment under Section 83 allows department to attach property during pendency of proceedings to protect revenue.","","","",""
"Can GST demand be paid in installments?","Yes, Commissioner may allow payment in installments under Section 80 subject to conditions.","","","",""
"What is the role of interest in GST demand?","Interest is payable on delayed tax payment and becomes part of demand liability.","","","",""
"What is the penalty component in GST demand?","Penalty depends on whether demand is under Section 73 (lower) or Section 74 (higher for fraud).","","","",""
"Can taxpayer appeal against GST demand order?","Yes, taxpayer can file appeal before Appellate Authority using Form GST APL-01.","","","",""
"What is the pre-deposit requirement for demand appeal?","Taxpayer must pay admitted amount plus 10% of disputed tax as pre-deposit.","","","",""
"What happens if demand is not paid after final order?","Department can initiate recovery proceedings such as attachment, auction, or deduction from refunds.","","","",""
"Why is GST demand management important for CA professionals?","CAs handle notices, draft replies, ensure compliance, manage litigation, and protect clients from heavy recovery actions.","","","",""
"What is the importance of DRC forms in GST compliance?","DRC forms are official documents for demand, payment, recovery, and appeal tracking under GST law.","","","",""
"What is GST audit?","GST audit is the examination of records, returns, and compliance to verify correctness of turnover, tax paid, refunds claimed, and ITC availed.","","","",""
"Which section covers GST audit by tax authorities?","GST audit by tax authorities is covered under Section 65 of the CGST Act.","","","",""
"What is departmental audit under GST?","Departmental audit is an audit conducted by GST officers to verify compliance and correctness of tax payments.","","","",""
"Who can conduct GST audit under Section 65?","GST audit under Section 65 can be conducted by Commissioner or any authorized GST officer.","","","",""
"What is the notice period for GST audit?","Taxpayer must be informed at least 15 working days before audit begins through Form GST ADT-01.","","","",""
"What is Form GST ADT-01?","Form GST ADT-01 is the audit notice issued by department to initiate GST audit proceedings.","","","",""
"What is Form GST ADT-02?","Form GST ADT-02 is the audit findings report issued after completion of departmental audit.","","","",""
"What is the time limit to complete GST audit?","Audit must be completed within 3 months from the date of commencement, extendable up to 6 months.","","","",""
"What is the commencement date of audit?","Audit is deemed to commence from the date records are made available to audit authorities.","","","",""
"What records are checked during GST audit?","Records include sales invoices, purchase invoices, ITC registers, returns, e-way bills, and financial statements.","","","",""
"What is GST special audit?","Special audit is conducted by a Chartered Accountant or Cost Accountant nominated by Commissioner under Section 66.","","","",""
"When is special audit ordered?","Special audit is ordered when officer believes taxpayer’s value declared or ITC claimed is not correct.","","","",""
"Who bears the cost of special audit?","The cost of special audit is borne by the Government, not by the taxpayer.","","","",""
"What is assessment under GST?","Assessment is the process of determining tax liability under GST law for a taxpayer.","","","",""
"What is self-assessment under GST?","Self-assessment means taxpayer determines and pays tax himself through filing GST returns.","","","",""
"Which section covers self-assessment?","Self-assessment is covered under Section 59 of the CGST Act.","","","",""
"What is provisional assessment under GST?","Provisional assessment is allowed when taxpayer cannot determine correct value or tax rate, covered under Section 60.","","","",""
"What is required for provisional assessment?","Taxpayer must file an application in Form GST ASMT-01 requesting provisional assessment.","","","",""
"What is Form GST ASMT-02?","ASMT-02 is notice issued by officer seeking additional information for provisional assessment.","","","",""
"What is Form GST ASMT-03?","ASMT-03 is reply submitted by taxpayer to officer’s query in provisional assessment proceedings.","","","",""
"What is Form GST ASMT-04?","ASMT-04 is the provisional assessment order issued by officer.","","","",""
"What is the time limit for final assessment?","Final assessment must be completed within 6 months, extendable further by Commissioner.","","","",""
"What is best judgment assessment under GST?","Best judgment assessment is assessment done by officer when taxpayer fails to file returns or cooperate.","","","",""
"Which section covers best judgment assessment for non-filers?","Section 62 covers best judgment assessment for non-filers of returns.","","","",""
"Which section covers assessment of unregistered persons?","Section 63 covers best judgment assessment for unregistered persons liable for registration.","","","",""
"Why is GST audit important for CA professionals?","CAs help clients maintain records, handle departmental audits, reply to notices, and reduce litigation risk.","","","",""
"What is Input Tax Credit (ITC) under GST?","ITC means credit of GST paid on purchases which can be used to reduce GST liability on sales.","","","",""
"Why is ITC important in GST?","ITC avoids cascading effect of taxes and ensures tax is levied only on value addition.","","","",""
"Which section governs ITC eligibility?","ITC eligibility is governed under Section 16 of the CGST Act.","","","",""
"What are the basic conditions to claim ITC?","Taxpayer must have a tax invoice, receive goods/services, supplier must pay tax, and return must be filed.","","","",""
"Can ITC be claimed without invoice?","No, ITC cannot be claimed without a valid tax invoice or prescribed document.","","","",""
"Is ITC available on goods received in installments?","ITC can be claimed only after receipt of the last lot or installment of goods.","","","",""
"Can ITC be claimed if supplier has not filed return?","No, ITC is restricted if supplier has not furnished outward supply details properly.","","","",""
"What is the time limit to claim ITC?","ITC must be claimed before 30th November of next financial year or filing of annual return, whichever is earlier.","","","",""
"What is provisional ITC?","Provisional ITC refers to credit temporarily available subject to matching with supplier’s filings.","","","",""
"What is GSTR-2B in ITC context?","GSTR-2B is an auto-generated statement showing eligible and ineligible ITC for a taxpayer.","","","",""
"Can ITC be claimed on GST paid under reverse charge?","Yes, ITC can be claimed on reverse charge tax after payment, subject to conditions.","","","",""
"What is blocked credit under GST?","Blocked credit refers to ITC that is not allowed even if GST is paid, covered under Section 17(5).","","","",""
"Which section lists blocked credits?","Blocked credits are listed under Section 17(5) of the CGST Act.","","","",""
"Is ITC available on motor vehicles?","ITC on motor vehicles is blocked unless used for transport business, training, or further supply.","","","",""
"Is ITC allowed on food and beverages?","No, ITC on food, beverages, catering is blocked unless used for providing the same category of service.","","","",""
"Can ITC be claimed on membership of clubs?","No, ITC on club, health, fitness membership is blocked credit.","","","",""
"Is ITC available on personal expenses?","No, ITC is not allowed on goods or services used for personal consumption.","","","",""
"Can ITC be claimed on construction of immovable property?","No, ITC on works contract for construction of immovable property is blocked except for further supply of works contract service.","","","",""
"Is ITC allowed on goods lost or destroyed?","No, ITC is not available on goods lost, stolen, destroyed, written off, or disposed of as free samples.","","","",""
"What is ITC reversal under GST?","ITC reversal means credit must be reduced if conditions are not met or goods are used for exempt supplies.","","","",""
"When is ITC reversed for non-payment to supplier?","If payment is not made within 180 days from invoice date, ITC must be reversed with interest.","","","",""
"What is common credit under GST?","Common credit refers to ITC used for both taxable and exempt supplies, requiring proportionate reversal.","","","",""
"How is ITC treated for exempt supplies?","ITC attributable to exempt supplies must be reversed as per Rule 42 and Rule 43.","","","",""
"Can ITC be claimed by composition dealer?","No, composition scheme taxpayers are not eligible to claim ITC.","","","",""
"Why should CA professionals focus on ITC compliance?","ITC is the most litigated GST area, and proper reconciliation and eligibility checks reduce demand notices.","","","",""
"What is GST refund?","GST refund means return of excess tax paid or unutilized ITC to the taxpayer under GST law.","","","",""
"Which section governs GST refunds?","GST refunds are governed under Section 54 of the CGST Act.","","","",""
"Who can apply for GST refund?","Any registered person who has paid excess tax or has unutilized ITC can apply for refund.","","","",""
"What are the common types of GST refunds?","Refunds include excess tax payment, export refund, unutilized ITC, inverted duty structure, and wrong tax payment.","","","",""
"What is unutilized ITC refund?","Unutilized ITC refund means refund of input tax credit that cannot be used against output tax liability.","","","",""
"When is refund of unutilized ITC allowed?","Refund is allowed in case of zero-rated supplies or inverted duty structure.","","","",""
"What are zero-rated supplies under GST?","Zero-rated supplies include exports of goods/services and supplies to SEZ units or developers.","","","",""
"Which section covers zero-rated supplies?","Zero-rated supplies are covered under Section 16 of the IGST Act.","","","",""
"What is LUT under GST?","LUT means Letter of Undertaking filed to export goods/services without payment of IGST.","","","",""
"Who can file LUT?","Any registered exporter can file LUT if not prosecuted for tax evasion exceeding prescribed limits.","","","",""
"What is the benefit of LUT?","LUT allows export without paying IGST upfront, avoiding blockage of working capital.","","","",""
"What is the validity period of LUT?","LUT is generally valid for one financial year.","","","",""
"Which form is used to file LUT?","LUT is filed in Form GST RFD-11 on the GST portal.","","","",""
"What happens if export conditions under LUT are not met?","Exporter must pay IGST with interest if goods/services are not exported within prescribed time.","","","",""
"What is export with payment of IGST?","Exporter pays IGST on exports and later claims refund of the tax paid.","","","",""
"What is export without payment of IGST?","Exporter exports under LUT/Bond and claims refund of accumulated ITC instead of IGST.","","","",""
"What is the time limit for filing GST refund application?","Refund application must be filed within 2 years from the relevant date.","","","",""
"Which form is used for GST refund application?","Refund application is filed in Form GST RFD-01.","","","",""
"What is the relevant date for export refund?","Relevant date is the date of shipment for goods export or date of payment/ invoice for services export.","","","",""
"What documents are required for export refund?","Documents include invoices, shipping bills, BRC/FIRC, LUT, and GSTR filings.","","","",""
"What is provisional refund in GST?","Provisional refund means 90% refund granted within 7 days for eligible exporters.","","","",""
"Which form is issued for provisional refund sanction?","Provisional refund order is issued in Form GST RFD-04.","","","",""
"What is the final refund order form?","Final refund sanction order is issued in Form GST RFD-06.","","","",""
"What is inverted duty structure refund?","It is refund of unutilized ITC when tax rate on inputs is higher than tax rate on outputs.","","","",""
"Why are GST refunds important for CA professionals?","CAs assist in refund filing, documentation, LUT compliance, and avoiding rejection or delay of refunds.","","","",""
"What is GST registration?","GST registration is the process by which a business becomes a registered taxpayer under GST law.","","","",""
"Who is required to take GST registration?","Any person whose turnover exceeds the threshold limit or falls under compulsory registration must register.","","","",""
"What is the threshold limit for GST registration?","Threshold is generally Rs. 20 lakhs (Rs. 10 lakhs for special category states) for services and Rs. 40 lakhs for goods.","","","",""
"What is compulsory registration under GST?","Certain persons like inter-state suppliers, e-commerce operators, and RCM taxpayers must register regardless of turnover.","","","",""
"Which section governs GST registration?","GST registration is governed under Section 22 and Section 24 of the CGST Act.","","","",""
"What is the GST registration form?","GST registration is applied through Form GST REG-01 on the GST portal.","","","",""
"What documents are required for GST registration?","Documents include PAN, Aadhaar, address proof, bank details, and business constitution proof.","","","",""
"What is GSTIN?","GSTIN is a 15-digit Goods and Services Tax Identification Number issued to registered taxpayers.","","","",""
"What is the structure of GSTIN?","GSTIN includes state code, PAN, entity code, and checksum digit.","","","",""
"What is Aadhaar authentication in GST registration?","Aadhaar authentication is verification of applicant’s identity to speed up registration approval.","","","",""
"What is the time limit for GST registration approval?","Registration is generally approved within 7 working days if documents are complete.","","","",""
"What is Form GST REG-03?","REG-03 is a notice issued by officer seeking clarification or additional documents.","","","",""
"What is Form GST REG-04?","REG-04 is the reply filed by applicant in response to REG-03 notice.","","","",""
"What is Form GST REG-06?","REG-06 is the registration certificate issued after approval.","","","",""
"What is amendment of GST registration?","Amendment means updating registration details like address, business name, partners, or activities.","","","",""
"Which form is used for amendment?","Amendment is filed through Form GST REG-14.","","","",""
"What are core field amendments in GST?","Core fields include business name, address, and key promoters, requiring officer approval.","","","",""
"What are non-core field amendments?","Non-core fields like email and phone number can be updated without officer approval.","","","",""
"What is cancellation of GST registration?","Cancellation means termination of GST registration and stopping GST compliance obligations.","","","",""
"When can GST registration be cancelled by taxpayer?","Taxpayer can cancel if business is closed, transferred, or no longer liable for registration.","","","",""
"When can GST registration be cancelled by department?","Department can cancel for non-filing of returns, fraud, or violation of GST provisions.","","","",""
"Which form is used for cancellation application?","Cancellation is applied through Form GST REG-16.","","","",""
"What is Form GST REG-17?","REG-17 is a show cause notice issued before cancellation by department.","","","",""
"What is Form GST REG-18?","REG-18 is reply submitted by taxpayer against cancellation notice.","","","",""
"Why is GST registration compliance important for CA professionals?","CAs guide clients on registration, amendments, cancellation, and avoiding departmental action.","","","",""
"What is GST demand?","GST demand means tax, interest, or penalty payable by taxpayer due to short payment, non-payment, or wrong ITC claim.","","","",""
"Which sections cover GST demand proceedings?","GST demand proceedings are mainly covered under Sections 73 and 74 of the CGST Act.","","","",""
"What is the difference between Section 73 and Section 74?","Section 73 applies to non-fraud cases, while Section 74 applies to fraud, willful misstatement, or suppression of facts.","","","",""
"What is a Show Cause Notice (SCN) in GST?","SCN is a notice issued by GST department asking taxpayer to explain why demand should not be raised.","","","",""
"When is SCN issued under GST?","SCN is issued when tax is short paid, not paid, wrongly refunded, or ITC wrongly availed.","","","",""
"What is Form GST DRC-01?","DRC-01 is the formal show cause notice for tax demand issued under GST.","","","",""
"What is Form GST DRC-02?","DRC-02 is the statement showing details of tax liability communicated before SCN.","","","",""
"What is Form GST DRC-03?","DRC-03 is used for voluntary payment of tax, interest, or penalty by taxpayer.","","","",""
"Can demand be avoided by voluntary payment?","Yes, taxpayer can pay dues voluntarily before SCN to avoid further proceedings in certain cases.","","","",""
"What is the time limit for issuing SCN under Section 73?","SCN must be issued at least 3 months before the limitation period for passing order, generally within 3 years.","","","",""
"What is the time limit for issuing SCN under Section 74?","SCN must be issued at least 6 months before limitation period, generally within 5 years.","","","",""
"What is the GST demand order form?","Demand order is issued in Form GST DRC-07.","","","",""
"What happens after GST demand order is issued?","Taxpayer must pay demand or file appeal within prescribed time, otherwise recovery starts.","","","",""
"What is GST recovery?","Recovery means enforcement actions taken by department to collect unpaid tax dues.","","","",""
"Which section covers GST recovery?","GST recovery provisions are covered under Section 79 of the CGST Act.","","","",""
"What are methods of GST recovery?","Recovery methods include bank account attachment, property seizure, deduction from refunds, and sale of assets.","","","",""
"Can GST refund be adjusted against demand?","Yes, refund amount can be adjusted against outstanding demand under GST provisions.","","","",""
"What is Form GST DRC-13?","DRC-13 is notice issued to a third party like bank for garnishee proceedings to recover dues.","","","",""
"What is Form GST DRC-22?","DRC-22 is the order for provisional attachment of property or bank account.","","","",""
"What is provisional attachment under GST?","Provisional attachment is temporary attachment of assets to protect government revenue during proceedings.","","","",""
"What is the penalty in fraud cases under Section 74?","Penalty is equal to 100% of tax amount in fraud cases under Section 74.","","","",""
"What is penalty in non-fraud cases under Section 73?","Penalty is generally lower and may be waived if tax is paid before SCN or within specified time.","","","",""
"What is the role of interest in GST demand?","Interest is payable on delayed tax payment even if demand is disputed.","","","",""
"Can taxpayer reply to SCN?","Yes, taxpayer can submit written reply and attend personal hearing before demand order.","","","",""
"Why are GST demand and SCN matters important for CA professionals?","CAs help clients draft replies, handle litigation, reduce tax exposure, and ensure compliance in demand proceedings.","","","",""
"What is GST appeal?","GST appeal is a legal remedy available to taxpayer to challenge GST demand orders or decisions of authorities.","","","",""
"Which section governs GST appeals?","GST appeals are governed under Sections 107 to 121 of the CGST Act.","","","",""
"Who can file an appeal under GST?","Any taxpayer or department aggrieved by an order passed by GST authority can file an appeal.","","","",""
"What is the first appellate authority under GST?","The first appeal lies before the Commissioner (Appeals) under Section 107.","","","",""
"What is the time limit to file first appeal?","Appeal must be filed within 3 months from the date of communication of the order.","","","",""
"Can delay be condoned in GST appeal?","Yes, Commissioner (Appeals) may condone delay up to 1 additional month if sufficient cause exists.","","","",""
"Which form is used to file GST appeal?","First appeal is filed in Form GST APL-01.","","","",""
"What is Form GST APL-02?","APL-02 is the acknowledgment issued after filing appeal.","","","",""
"Is pre-deposit required for GST appeal?","Yes, taxpayer must pay admitted tax plus 10% of disputed tax as pre-deposit.","","","",""
"What happens if pre-deposit is not paid?","Appeal will not be admitted without mandatory pre-deposit payment.","","","",""
"What is stay on recovery during appeal?","Recovery proceedings are stayed automatically to the extent of disputed tax after pre-deposit.","","","",""
"What is GST Appellate Tribunal?","GST Appellate Tribunal is the second appellate forum where appeals against Commissioner (Appeals) orders are filed.","","","",""
"Which section covers GST Appellate Tribunal?","GST Tribunal provisions are covered under Section 109 of the CGST Act.","","","",""
"What is the time limit for tribunal appeal?","Appeal to tribunal must be filed within 3 months from the appellate order.","","","",""
"What is the pre-deposit requirement for tribunal appeal?","Taxpayer must deposit additional 20% of disputed tax besides earlier 10%.","","","",""
"Can department also file appeal?","Yes, department can file appeal against an order if it is not acceptable to revenue authorities.","","","",""
"What is revision under GST?","Revision is power of Commissioner to revise erroneous orders prejudicial to revenue under Section 108.","","","",""
"When can revision be done?","Revision can be done when an order is improper, illegal, or causes loss of revenue.","","","",""
"What is the time limit for revision?","Revision order must generally be passed within 3 years from the original order date.","","","",""
"Can revision be done if appeal is already filed?","No, revision cannot be done for matters already under appeal.","","","",""
"What is appeal to High Court under GST?","Appeal to High Court lies on substantial questions of law against tribunal orders under Section 117.","","","",""
"What is the time limit for High Court appeal?","High Court appeal must be filed within 180 days from tribunal order.","","","",""
"What is appeal to Supreme Court under GST?","Appeal to Supreme Court lies against High Court judgment or tribunal order in specified cases under Section 118.","","","",""
"Can taxpayer withdraw GST appeal?","Yes, appeal can be withdrawn before final hearing subject to procedural rules.","","","",""
"Why are GST appeals important for CA professionals?","CAs support clients in litigation strategy, drafting grounds of appeal, compliance with pre-deposit, and tribunal representation.","","","",""
"What is an E-Way Bill under GST?","E-Way Bill is an electronic document required for movement of goods above prescribed value under GST.","","","",""
"Which rule governs E-Way Bill provisions?","E-Way Bill provisions are governed under Rule 138 of the CGST Rules.","","","",""
"When is E-Way Bill mandatory?","E-Way Bill is mandatory when goods value exceeds Rs. 50,000 for inter-state or specified intra-state movement.","","","",""
"Who is responsible to generate E-Way Bill?","Supplier, recipient, or transporter can generate E-Way Bill depending on who causes movement of goods.","","","",""
"What is the threshold limit for E-Way Bill generation?","The general threshold limit is Rs. 50,000 consignment value.","","","",""
"What is Form GST EWB-01?","EWB-01 is the form used to generate an E-Way Bill on the portal.","","","",""
"What are Part A and Part B of E-Way Bill?","Part A contains invoice details, and Part B contains transporter and vehicle details.","","","",""
"Can E-Way Bill be generated without vehicle number?","Part A can be generated first, but Part B with vehicle details is mandatory before movement.","","","",""
"What is the validity period of E-Way Bill?","Validity depends on distance traveled, generally 1 day for every 200 km or part thereof.","","","",""
"Can E-Way Bill validity be extended?","Yes, validity can be extended in exceptional circumstances before expiry.","","","",""
"What is E-Way Bill cancellation?","Cancellation means invalidating an E-Way Bill if goods are not transported or details are incorrect.","","","",""
"What is the time limit for cancelling E-Way Bill?","E-Way Bill can be cancelled within 24 hours of generation if not verified in transit.","","","",""
"What is consolidated E-Way Bill?","Consolidated E-Way Bill is a single document for multiple consignments transported in one vehicle.","","","",""
"What is Form GST EWB-02?","EWB-02 is used for generating consolidated E-Way Bill.","","","",""
"Is E-Way Bill required for exempt goods?","No, E-Way Bill is not required for goods exempted under GST notification.","","","",""
"Is E-Way Bill required for movement within same state?","It depends on state-specific rules, but generally applies if value exceeds threshold.","","","",""
"What documents must accompany goods during transport?","Invoice or delivery challan and E-Way Bill copy or E-Way Bill number must accompany goods.","","","",""
"What happens if E-Way Bill is not generated?","Goods may be detained, and penalty along with tax may be imposed under GST law.","","","",""
"What is detention of goods under GST?","Detention occurs when goods are stopped during transit for non-compliance like missing E-Way Bill.","","","",""
"Which section covers detention of goods?","Detention and seizure provisions are covered under Section 129 of the CGST Act.","","","",""
"What is penalty for E-Way Bill violation?","Penalty may include tax plus penalty equal to 100% of tax payable or higher in certain cases.","","","",""
"Can E-Way Bill be generated for job work movement?","Yes, E-Way Bill is required for job work movement if consignment value exceeds threshold.","","","",""
"What is E-Way Bill for supply on approval basis?","Goods sent on approval are moved under delivery challan with E-Way Bill requirement if applicable.","","","",""
"Can transporter update vehicle number in E-Way Bill?","Yes, transporter can update vehicle details in case of transshipment or vehicle change.","","","",""
"Why is E-Way Bill compliance important for CA professionals?","CAs help businesses avoid penalties, ensure proper documentation, and handle detention disputes efficiently.","","","",""
"What is GST Composition Scheme?","Composition Scheme is a simplified GST scheme for small taxpayers to pay tax at a fixed rate with less compliance.","","","",""
"Which section governs Composition Scheme?","Composition Scheme is governed under Section 10 of the CGST Act.","","","",""
"Who is eligible for Composition Scheme?","Small taxpayers with turnover up to prescribed limit and meeting conditions can opt for composition.","","","",""
"What is the turnover limit for Composition Scheme?","Generally, turnover limit is Rs. 1.5 crore (Rs. 75 lakhs for special category states).","","","",""
"Can service providers opt for Composition Scheme?","Yes, certain service providers can opt under Section 10(2A) with turnover up to Rs. 50 lakhs.","","","",""
"What is the tax rate under Composition Scheme?","Rates vary, such as 1% for traders, 2% for manufacturers, and 5% for restaurants (not serving alcohol).","","","",""
"Can composition dealer collect GST from customers?","No, composition dealers cannot collect GST separately from customers.","","","",""
"Can composition dealer claim ITC?","No, composition dealers are not eligible to claim Input Tax Credit.","","","",""
"Can composition dealer issue tax invoice?","No, they must issue a Bill of Supply instead of tax invoice.","","","",""
"Is inter-state supply allowed under Composition Scheme?","No, composition dealers cannot make inter-state outward supplies.","","","",""
"Can composition dealer supply through e-commerce?","No, they cannot supply goods through e-commerce operators liable to collect TCS.","","","",""
"How to opt for Composition Scheme?","Taxpayer must file Form GST CMP-02 to opt for composition scheme.","","","",""
"When should Form CMP-02 be filed?","CMP-02 must be filed before the beginning of the financial year for which option is exercised.","","","",""
"What is Form GST CMP-03?","CMP-03 is a statement of stock and ITC reversal filed when opting for composition.","","","",""
"What returns are filed under Composition Scheme?","Composition dealers file quarterly return in Form GSTR-4.","","","",""
"What is the due date for GSTR-4?","GSTR-4 is generally due by 30th April following the end of financial year.","","","",""
"What is Form GST CMP-08?","CMP-08 is quarterly statement-cum-challan for payment of composition tax.","","","",""
"When is CMP-08 filed?","CMP-08 is filed quarterly by 18th of the month following the quarter.","","","",""
"Can composition dealer issue e-way bill?","Yes, composition dealers must comply with e-way bill rules for movement of goods.","","","",""
"When does composition option lapse?","Option lapses if turnover exceeds limit or taxpayer violates scheme conditions.","","","",""
"What happens if composition dealer becomes ineligible?","Taxpayer must switch to regular scheme and pay tax with penalty if wrongly availed.","","","",""
"What is Form GST CMP-04?","CMP-04 is filed to withdraw from composition scheme voluntarily.","","","",""
"Can department cancel composition scheme?","Yes, department can cancel composition option if conditions are violated.","","","",""
"What is penalty for wrong composition claim?","Penalty may be imposed along with differential tax liability under GST law.","","","",""
"Why is Composition Scheme important for CA professionals?","CAs advise small businesses on eligibility, compliance, tax planning, and avoiding wrongful opt-in penalties.","","","",""
"What is TDS under Income Tax Act?","TDS means Tax Deducted at Source, where tax is deducted at the time of payment and deposited with the government.","","","",""
"Why is TDS important in taxation?","TDS ensures regular collection of tax and reduces tax evasion by collecting tax at source itself.","","","",""
"Who is responsible to deduct TDS?","The payer making specified payments is responsible to deduct TDS under the Income Tax Act.","","","",""
"What is TAN?","TAN is Tax Deduction and Collection Account Number required for any person deducting or collecting TDS/TCS.","","","",""
"Is TAN mandatory for TDS deduction?","Yes, TAN is mandatory for deducting and depositing TDS and filing TDS returns.","","","",""
"Which section covers TDS on salary?","TDS on salary is covered under Section 192 of the Income Tax Act.","","","",""
"When is TDS deducted on salary?","TDS is deducted at the time of payment of salary based on estimated annual income.","","","",""
"How is TDS calculated on salary?","TDS is calculated on taxable salary after considering exemptions, deductions, and applicable slab rates.","","","",""
"Can employee submit investment proofs for TDS?","Yes, employee can submit declarations and proofs for deductions like 80C, 80D to employer.","","","",""
"What is Form 16?","Form 16 is a TDS certificate issued by employer showing salary paid and TDS deducted.","","","",""
"When should Form 16 be issued?","Form 16 must be issued by 15th June following the end of the financial year.","","","",""
"Which section covers TDS on contractor payments?","TDS on contractor payments is covered under Section 194C.","","","",""
"Who is considered a contractor under Section 194C?","A contractor is any person providing work or labor services under a contract.","","","",""
"What is the TDS rate under Section 194C?","TDS is 1% for individuals/HUF contractors and 2% for others like companies or firms.","","","",""
"What is the threshold limit for TDS under 194C?","TDS applies if single payment exceeds Rs. 30,000 or aggregate exceeds Rs. 1,00,000 in a year.","","","",""
"Is TDS applicable on transporters under 194C?","TDS is not required if transporter furnishes PAN and meets specified conditions.","","","",""
"Which section covers TDS on professional fees?","TDS on professional fees is covered under Section 194J.","","","",""
"What is the TDS rate under Section 194J?","TDS is generally 10% on professional or technical service fees.","","","",""
"What is Section 194H?","Section 194H covers TDS deduction on commission or brokerage payments.","","","",""
"What is the due date for depositing TDS?","TDS must be deposited by 7th of the next month, and for March payments by 30th April.","","","",""
"What is Form 26Q?","Form 26Q is the quarterly TDS return for payments other than salary.","","","",""
"What is Form 24Q?","Form 24Q is the quarterly TDS return for salary payments under Section 192.","","","",""
"What is the penalty for late filing of TDS return?","Late filing fee is Rs. 200 per day under Section 234E until return is filed.","","","",""
"What is interest for late deposit of TDS?","Interest is 1% per month for non-deduction and 1.5% per month for late deposit after deduction.","","","",""
"Why is TDS compliance critical for CA professionals?","CAs manage TDS deductions, return filings, notices, and help clients avoid heavy interest and penalties.","","","",""
"Which section covers TDS on rent payments?","TDS on rent payments is covered under Section 194I of the Income Tax Act.","","","",""
"What is considered rent under Section 194I?","Rent includes payment for use of land, building, machinery, plant, equipment, furniture, or fittings.","","","",""
"Who is liable to deduct TDS under Section 194I?","Any person (other than individuals/HUF not liable to audit) paying rent above threshold must deduct TDS.","","","",""
"What is the threshold limit for TDS on rent under 194I?","TDS applies if rent exceeds Rs. 2,40,000 per year.","","","",""
"What is the TDS rate on rent for land or building?","TDS rate is 10% on rent paid for land or building.","","","",""
"What is the TDS rate on rent for machinery or equipment?","TDS rate is 2% on rent paid for plant, machinery, or equipment.","","","",""
"When is TDS deducted on rent?","TDS is deducted at the time of credit or payment, whichever is earlier.","","","",""
"Is GST included while deducting TDS on rent?","If GST is separately mentioned in invoice, TDS is deducted only on rent amount excluding GST.","","","",""
"What happens if PAN is not provided by landlord?","TDS must be deducted at higher rate of 20% under Section 206AA.","","","",""
"Which section covers TDS on purchase of immovable property?","TDS on purchase of immovable property is covered under Section 194IA.","","","",""
"Who deducts TDS under Section 194IA?","Buyer of immovable property deducts TDS while making payment to seller.","","","",""
"What is the threshold limit under Section 194IA?","TDS applies if property value is Rs. 50 lakhs or more.","","","",""
"What is the TDS rate under Section 194IA?","TDS rate is 1% of the sale consideration.","","","",""
"Is TAN required for Section 194IA deduction?","No, TAN is not required; buyer can deduct using PAN.","","","",""
"Which form is used to deposit TDS under Section 194IA?","TDS is deposited through Form 26QB (challan-cum-statement).","","","",""
"What is the due date for filing Form 26QB?","Form 26QB must be filed within 30 days from end of the month in which deduction is made.","","","",""
"What certificate is issued to seller for property TDS?","Buyer must issue Form 16B as TDS certificate to seller.","","","",""
"When should Form 16B be issued?","Form 16B must be issued within 15 days from due date of filing Form 26QB.","","","",""
"Does TDS apply on agricultural land purchase?","No, TDS under Section 194IA does not apply on purchase of agricultural land.","","","",""
"Is TDS applicable on installment payments for property?","Yes, TDS must be deducted on each installment payment made to seller.","","","",""
"What is Section 194IB?","Section 194IB covers TDS on rent paid by individuals/HUF not liable to audit above specified limit.","","","",""
"What is the threshold under Section 194IB?","TDS applies if monthly rent exceeds Rs. 50,000.","","","",""
"What is the TDS rate under Section 194IB?","TDS rate is 5% of rent paid.","","","",""
"What is the due date for depositing TDS under 194IB?","TDS is deposited within 30 days from end of month in which deduction is made using Form 26QC.","","","",""
"Why are rent and property TDS provisions important for CA professionals?","CAs ensure compliance in high-value transactions, avoid defaults, and assist in proper filing of forms like 26QB and 26QC.","","","",""
"What is Section 194Q?","Section 194Q requires buyers to deduct TDS on purchase of goods exceeding prescribed limit.","","","",""
"When was Section 194Q introduced?","Section 194Q was introduced from 1st July 2021.","","","",""
"Who is liable to deduct TDS under Section 194Q?","Buyer whose turnover exceeds Rs. 10 crores in preceding financial year is liable to deduct TDS.","","","",""
"What is the threshold limit for deduction under Section 194Q?","TDS applies if purchase from a seller exceeds Rs. 50 lakhs in a financial year.","","","",""
"What is the TDS rate under Section 194Q?","TDS rate is 0.1% on amount exceeding Rs. 50 lakhs.","","","",""
"What if seller does not provide PAN under Section 194Q?","TDS must be deducted at higher rate of 5% under Section 206AA.","","","",""
"When is TDS deducted under Section 194Q?","TDS is deducted at the time of credit or payment, whichever is earlier.","","","",""
"Is TDS under Section 194Q applicable on GST amount?","If GST is separately indicated, TDS is generally deducted on amount excluding GST.","","","",""
"Does Section 194Q apply to import purchases?","No, Section 194Q applies only to purchases from resident sellers, not imports.","","","",""
"Does Section 194Q apply to capital goods purchase?","Yes, it applies to purchase of goods including capital goods if threshold conditions are met.","","","",""
"What is Section 206C(1H)?","Section 206C(1H) requires sellers to collect TCS on sale of goods exceeding prescribed limit.","","","",""
"Who is liable to collect TCS under Section 206C(1H)?","Seller whose turnover exceeds Rs. 10 crores in preceding financial year must collect TCS.","","","",""
"What is the threshold for TCS under Section 206C(1H)?","TCS applies if sale to a buyer exceeds Rs. 50 lakhs in a financial year.","","","",""
"What is the TCS rate under Section 206C(1H)?","TCS rate is 0.1% on amount exceeding Rs. 50 lakhs.","","","",""
"What if buyer does not provide PAN for TCS?","TCS must be collected at higher rate of 1% under Section 206CC.","","","",""
"When is TCS collected under Section 206C(1H)?","TCS is collected at the time of receipt of sale consideration.","","","",""
"What is the main difference between 194Q and 206C(1H)?","194Q is buyer-based TDS, while 206C(1H) is seller-based TCS.","","","",""
"Which provision has priority if both 194Q and 206C(1H) apply?","Section 194Q has priority, and seller need not collect TCS if buyer deducts TDS.","","","",""
"Is TCS applicable if buyer is liable to deduct TDS under 194Q?","No, TCS under 206C(1H) is not required if TDS is deducted under 194Q.","","","",""
"Does Section 194Q apply to government departments?","Generally, government departments are exempt unless specifically notified.","","","",""
"What return form is used for reporting TDS under 194Q?","TDS under 194Q is reported in quarterly TDS return Form 26Q.","","","",""
"What return form is used for reporting TCS under 206C(1H)?","TCS is reported in quarterly TCS return Form 27EQ.","","","",""
"What is the due date for depositing TDS under 194Q?","TDS must be deposited by 7th of the following month.","","","",""
"What is penalty for non-compliance of 194Q or 206C(1H)?","Non-compliance attracts interest, late fees, and possible disallowance of expense or penalty proceedings.","","","",""
"Why are 194Q and 206C(1H) critical for CA professionals?","CAs ensure correct applicability, avoid double deduction, handle reconciliations, and prevent major compliance defaults.","","","",""
"What is an Income Tax notice?","Income Tax notice is an official communication issued by the department seeking information, compliance, or action from taxpayer.","","","",""
"Why does Income Tax Department issue notices?","Notices are issued for verification of return, mismatch in data, scrutiny, reassessment, or non-compliance.","","","",""
"What is notice under Section 139(9)?","Section 139(9) notice is issued when the return filed is defective or incomplete.","","","",""
"What is the time limit to respond to Section 139(9) notice?","Taxpayer must rectify defect within 15 days or extended period allowed by officer.","","","",""
"What is notice under Section 143(1)?","Section 143(1) intimation is issued after processing return showing tax payable, refund, or adjustments.","","","",""
"What is scrutiny notice under Section 143(2)?","Section 143(2) notice is issued when return is selected for detailed scrutiny assessment.","","","",""
"What is the time limit for issuing Section 143(2) notice?","Notice must be issued within 3 months from end of financial year in which return is filed.","","","",""
"What is notice under Section 142(1)?","Section 142(1) notice seeks additional information, documents, or return filing for assessment.","","","",""
"Can assessment proceed without replying to 142(1) notice?","No, non-compliance may lead to best judgment assessment under Section 144.","","","",""
"What is best judgment assessment under Section 144?","Section 144 assessment is made by officer based on available information when taxpayer fails to comply with notices.","","","",""
"What is reassessment notice under Section 148?","Section 148 notice is issued when income has escaped assessment and reassessment is initiated.","","","",""
"What is Section 148A?","Section 148A provides procedure of inquiry and opportunity of hearing before issuing notice under Section 148.","","","",""
"What is notice under Section 148A(b)?","148A(b) notice asks taxpayer to show cause why reassessment should not be initiated.","","","",""
"What is the reply requirement under Section 148A(b)?","Taxpayer must respond within the time specified, usually 7 to 30 days.","","","",""
"What is order under Section 148A(d)?","148A(d) order is passed after considering reply, deciding whether reassessment notice should be issued.","","","",""
"What is notice under Section 156?","Section 156 is a demand notice issued when tax, interest, or penalty is payable.","","","",""
"What is the due date to pay demand under Section 156?","Taxpayer must pay within 30 days from date of service unless reduced by officer.","","","",""
"What is notice under Section 245?","Section 245 intimation is issued for adjustment of refund against outstanding tax demand.","","","",""
"Can taxpayer object to refund adjustment under Section 245?","Yes, taxpayer can respond and disagree before refund is adjusted.","","","",""
"What is penalty notice under Section 274?","Section 274 notice is issued before imposing penalty, giving taxpayer opportunity of being heard.","","","",""
"What is notice under Section 133(6)?","Section 133(6) notice seeks information from taxpayer or third parties like banks for verification.","","","",""
"What is faceless assessment notice?","Faceless assessment notices are issued electronically with no physical interaction under new assessment scheme.","","","",""
"Where can notices be checked?","Notices can be viewed on Income Tax e-filing portal under e-Proceedings or Compliance section.","","","",""
"What happens if Income Tax notice is ignored?","Ignoring notice may result in penalties, ex-parte assessment, prosecution, or demand recovery actions.","","","",""
"Why are Income Tax notices important for CA professionals?","CAs handle drafting replies, document submission, litigation strategy, and ensure timely compliance to avoid heavy consequences.","","","",""
"What is advance tax?","Advance tax is income tax paid in installments during the financial year instead of paying lump sum at year-end.","","","",""
"Who is liable to pay advance tax?","Any taxpayer whose total tax liability exceeds Rs. 10,000 in a financial year is liable to pay advance tax.","","","",""
"Is advance tax applicable to salaried employees?","Yes, if tax is not fully covered by TDS and liability exceeds Rs. 10,000.","","","",""
"Are senior citizens exempt from advance tax?","Yes, resident senior citizens (60+) without business or professional income are exempt.","","","",""
"What are the due dates for advance tax installments for individuals?","15th June, 15th September, 15th December, and 15th March are the advance tax due dates.","","","",""
"What percentage of advance tax must be paid by 15th June?","At least 15% of total advance tax liability must be paid by 15th June.","","","",""
"What percentage of advance tax must be paid by 15th September?","At least 45% of total advance tax liability must be paid by 15th September.","","","",""
"What percentage of advance tax must be paid by 15th December?","At least 75% of total advance tax liability must be paid by 15th December.","","","",""
"What percentage of advance tax must be paid by 15th March?","At least 100% of total advance tax liability must be paid by 15th March.","","","",""
"What is Section 234A interest?","Section 234A interest is levied for delay in filing Income Tax Return beyond due date.","","","",""
"What is the rate of interest under Section 234A?","Interest is charged at 1% per month or part of month on tax payable.","","","",""
"On what amount is Section 234A interest calculated?","It is calculated on tax payable after reducing TDS, advance tax, and reliefs.","","","",""
"What is Section 234B interest?","Section 234B interest is levied for default in payment of advance tax.","","","",""
"When is Section 234B applicable?","It applies when advance tax paid is less than 90% of assessed tax.","","","",""
"What is the rate of interest under Section 234B?","Interest is charged at 1% per month from 1st April till date of payment.","","","",""
"What is assessed tax for Section 234B?","Assessed tax means tax on total income minus TDS and reliefs.","","","",""
"What is Section 234C interest?","Section 234C interest is levied for deferment of advance tax installments.","","","",""
"When does Section 234C apply?","It applies when required installment percentages are not paid by due dates.","","","",""
"What is interest rate under Section 234C?","Interest is charged at 1% per month for shortfall in installments.","","","",""
"How is 234C interest calculated for June installment?","Interest is levied for 3 months on shortfall if payment is less than 15%.","","","",""
"How is 234C interest calculated for September installment?","Interest is levied for 3 months on shortfall if payment is less than 45%.","","","",""
"How is 234C interest calculated for December installment?","Interest is levied for 3 months on shortfall if payment is less than 75%.","","","",""
"How is 234C interest calculated for March installment?","Interest is levied for 1 month on shortfall if payment is less than 100%.","","","",""
"Is advance tax applicable for presumptive taxation taxpayers?","Yes, but they need to pay entire advance tax by 15th March in one installment.","","","",""
"Why are advance tax and interest provisions important for CA professionals?","CAs ensure correct tax planning, avoid heavy interest costs, and guide clients on timely compliance.","","","",""
"What is a tax audit under Income Tax Act?","Tax audit is an examination of accounts of taxpayer to ensure compliance with Income Tax Act, conducted under Section 44AB.","","","",""
"Who is required to get tax audit done under Section 44AB?","Businesses with turnover exceeding prescribed limits and professionals with gross receipts exceeding limits must get tax audit done.","","","",""
"What is the turnover limit for tax audit for business?","Generally Rs. 1 crore, but can be Rs. 10 crores if cash transactions are within specified limits.","","","",""
"What is the gross receipts limit for tax audit for professionals?","Tax audit applies if gross receipts exceed Rs. 50 lakhs in a financial year.","","","",""
"Which form is used for tax audit report?","Tax audit report is furnished in Form 3CA or Form 3CB along with Form 3CD.","","","",""
"When is Form 3CA applicable?","Form 3CA is applicable when taxpayer is already required to get accounts audited under any other law.","","","",""
"When is Form 3CB applicable?","Form 3CB is applicable when taxpayer is not required to audit accounts under any other law.","","","",""
"What is Form 3CD?","Form 3CD is the statement of particulars to be furnished along with tax audit report.","","","",""
"What is Clause 4 of Form 3CD?","Clause 4 requires reporting of taxpayer’s registration details under indirect tax laws like GST.","","","",""
"What is Clause 8a of Form 3CD?","Clause 8a requires reporting of nature of business or profession carried out by assessee.","","","",""
"What is Clause 9 of Form 3CD?","Clause 9 requires reporting of changes in nature of business or profession during the year.","","","",""
"What is Clause 11 of Form 3CD?","Clause 11 requires reporting of books of account maintained and their location.","","","",""
"What is Clause 13 of Form 3CD?","Clause 13 requires reporting of method of accounting and ICDS compliance.","","","",""
"What is Clause 14 of Form 3CD?","Clause 14 requires reporting of valuation of closing stock and deviations from prescribed methods.","","","",""
"What is Clause 15 of Form 3CD?","Clause 15 requires reporting of profits and losses under presumptive taxation sections.","","","",""
"What is Clause 16 of Form 3CD?","Clause 16 requires reporting of amounts not credited to profit and loss account but taxable.","","","",""
"What is Clause 17 of Form 3CD?","Clause 17 requires reporting of transfer of land/building for stamp duty valuation differences.","","","",""
"What is Clause 18 of Form 3CD?","Clause 18 requires reporting of depreciation details under Income Tax Act.","","","",""
"What is Clause 19 of Form 3CD?","Clause 19 requires reporting of deductions claimed under Chapter VI-A.","","","",""
"What is Clause 20 of Form 3CD?","Clause 20 requires reporting of compliance with TDS/TCS provisions on payments.","","","",""
"What is Clause 21 of Form 3CD?","Clause 21 requires reporting of disallowances under Section 40A and other expense disallowances.","","","",""
"What is Clause 22 of Form 3CD?","Clause 22 requires reporting of payments made to persons specified under Section 40A(2)(b).","","","",""
"What is Clause 26 of Form 3CD?","Clause 26 requires reporting of amounts inadmissible under Section 43B unless actually paid.","","","",""
"What is Clause 34 of Form 3CD?","Clause 34 requires reporting of TDS compliance, return filing, and disallowance implications.","","","",""
"Why is Form 3CD important for CA professionals?","Form 3CD ensures detailed compliance reporting, identifies disallowances, and reduces litigation risk for clients.","","","",""
"What is capital gain under Income Tax Act?","Capital gain is profit arising from transfer of a capital asset such as property, shares, or mutual funds.","","","",""
"What is a capital asset?","Capital asset includes property, securities, bonds, mutual funds, and any investment held by taxpayer, excluding stock-in-trade.","","","",""
"What is the difference between short-term and long-term capital gain?","Short-term capital gain arises when asset is held for shorter period, while long-term capital gain arises when held beyond specified period.","","","",""
"What is holding period for long-term capital gain on immovable property?","For immovable property, holding period exceeding 24 months makes it long-term.","","","",""
"What is holding period for long-term capital gain on listed equity shares?","For listed equity shares, holding period exceeding 12 months makes it long-term.","","","",""
"What is holding period for long-term capital gain on mutual funds?","For equity mutual funds, more than 12 months; for debt mutual funds, generally more than 36 months (subject to amendments).","","","",""
"How is short-term capital gain on equity shares taxed?","STCG on equity shares under Section 111A is taxed at 15% if STT is paid.","","","",""
"How is long-term capital gain on equity shares taxed?","LTCG on equity shares under Section 112A is taxed at 10% exceeding Rs. 1 lakh if STT is paid.","","","",""
"What is Section 112A?","Section 112A provides taxation of long-term capital gains on listed equity shares and equity mutual funds.","","","",""
"What is exemption limit under Section 112A?","LTCG up to Rs. 1 lakh per year is exempt, tax applies beyond that.","","","",""
"How is long-term capital gain on property taxed?","LTCG on property is taxed at 20% with indexation benefit under Section 112.","","","",""
"What is indexation in capital gains?","Indexation adjusts purchase cost for inflation using Cost Inflation Index to reduce taxable gains.","","","",""
"What is cost of acquisition?","Cost of acquisition is the price paid to purchase the asset including expenses incurred for acquiring it.","","","",""
"What is cost of improvement?","Cost of improvement includes capital expenses incurred to enhance value of asset after purchase.","","","",""
"What is full value of consideration?","Full value of consideration is the sale price received or receivable on transfer of capital asset.","","","",""
"What is Section 50C?","Section 50C provides that stamp duty value is deemed sale consideration if it exceeds actual sale price of property.","","","",""
"What is Section 54 exemption?","Section 54 allows exemption on LTCG from sale of residential house if reinvested in another residential house.","","","",""
"What is time limit for investment under Section 54?","New house must be purchased within 1 year before or 2 years after sale, or constructed within 3 years.","","","",""
"What is Section 54EC exemption?","Section 54EC allows exemption if LTCG from property is invested in specified bonds like NHAI/REC within 6 months.","","","",""
"What is maximum investment limit under Section 54EC?","Maximum investment allowed is Rs. 50 lakhs in a financial year.","","","",""
"What is Section 54F exemption?","Section 54F provides exemption on LTCG from sale of any asset (other than house) if invested in residential house.","","","",""
"When is capital gain taxable?","Capital gain is taxable in the year in which transfer of asset takes place.","","","",""
"What is STT in capital gains taxation?","Securities Transaction Tax is a tax paid on stock exchange transactions, required for concessional equity taxation.","","","",""
"Is TDS applicable on sale of property?","Yes, buyer must deduct 1% TDS under Section 194IA if property value is Rs. 50 lakhs or more.","","","",""
"Why is capital gains taxation important for CA professionals?","CAs handle computation, exemptions, reinvestment planning, and compliance in high-value asset transfers.","","","",""
"What is disallowance under Income Tax Act?","Disallowance means an expense is not allowed as deduction while computing taxable income, increasing the tax liability.","","","",""
"What is Section 40A(3)?","Section 40A(3) disallows expenditure if payment exceeding prescribed limit is made in cash instead of banking channels.","","","",""
"What is the cash payment limit under Section 40A(3)?","Expense payment exceeding Rs. 10,000 in a day to a person in cash is disallowed.","","","",""
"What is the limit for cash payment to transport operators under Section 40A(3)?","For payments to transport operators, the cash limit is Rs. 35,000 in a day.","","","",""
"Is the entire expense disallowed under Section 40A(3)?","Yes, 100% of the expenditure is disallowed if conditions are violated.","","","",""
"Does Section 40A(3) apply to capital expenditure?","No, it applies only to revenue expenditure claimed as deduction.","","","",""
"Does Section 40A(3) apply to purchase of stock-in-trade?","Yes, cash purchases exceeding the limit may be disallowed.","","","",""
"What is Rule 6DD?","Rule 6DD provides exceptions where cash payments above limit are allowed without disallowance.","","","",""
"Give examples of exceptions under Rule 6DD.","Cash payments are allowed in cases like no banking facility, government payments, or payments on bank holiday.","","","",""
"What is Section 40A(3A)?","Section 40A(3A) applies when expenditure was allowed earlier but later payment is made in cash exceeding limit.","","","",""
"What is Section 14A?","Section 14A disallows expenses incurred in relation to income which does not form part of total taxable income.","","","",""
"Why is Section 14A applied?","Because expenses relating to exempt income cannot be claimed as deduction against taxable income.","","","",""
"What is exempt income under Section 14A?","Exempt income includes dividend income, tax-free bonds interest, or agricultural income not taxable.","","","",""
"How is disallowance under Section 14A calculated?","It is calculated using Rule 8D when Assessing Officer is not satisfied with taxpayer’s claim.","","","",""
"What is Rule 8D?","Rule 8D prescribes method for computing disallowance of expenditure related to exempt income.","","","",""
"Can Section 14A apply if no exempt income is earned?","Generally, courts have held no disallowance if taxpayer has not earned exempt income during the year.","","","",""
"What is Section 43B?","Section 43B allows certain expenses only on actual payment basis, not on accrual basis.","","","",""
"Which expenses are covered under Section 43B?","Expenses like GST, PF/ESI, bonus, commission, interest to banks, and statutory dues are covered.","","","",""
"What is the purpose of Section 43B?","To ensure statutory liabilities are paid before claiming deduction.","","","",""
"When can GST liability be claimed as deduction under Section 43B?","GST liability is allowed only if paid before the due date of filing return.","","","",""
"What is treatment of employee PF contribution under Section 43B?","Employee PF contribution must be deposited within due date under PF Act, otherwise disallowed.","","","",""
"What is treatment of employer PF contribution under Section 43B?","Employer contribution is allowed if paid before due date of filing income tax return.","","","",""
"Is bonus payable covered under Section 43B?","Yes, bonus or commission to employees is allowed only on actual payment.","","","",""
"What happens if statutory dues are unpaid at year-end?","They will be disallowed in that year but allowed in year of actual payment.","","","",""
"Why are disallowance provisions important for CA professionals?","CAs ensure compliance, avoid additions in assessments, and correctly compute taxable business income.","","","",""
"What is Salary Income under Income Tax Act?","Salary income includes remuneration received by an employee from employer, taxable under the head Income from Salary.","","","",""
"When is salary taxable?","Salary is taxable on due basis or receipt basis, whichever is earlier.","","","",""
"What is meant by employer-employee relationship?","Salary income arises only when there is a formal employer-employee relationship.","","","",""
"What are the components of salary?","Basic salary, allowances, perquisites, bonus, commission, gratuity, and pension form part of salary.","","","",""
"What is a perquisite?","Perquisite is a benefit or amenity provided by employer to employee in addition to salary.","","","",""
"Are perquisites taxable?","Yes, perquisites are taxable unless specifically exempt under Income Tax Act.","","","",""
"What is taxable value of rent-free accommodation?","Rent-free accommodation is valued as per prescribed rules based on salary and city category.","","","",""
"Is company-provided car a taxable perquisite?","Yes, car facility is taxable depending on usage for official or personal purposes.","","","",""
"Is employer contribution to PF taxable?","Employer contribution exceeding Rs. 7.5 lakh in a year is taxable as perquisite.","","","",""
"What is gratuity?","Gratuity is a retirement benefit received by employee for long service, partly exempt under Section 10(10).","","","",""
"What is pension?","Pension is periodic payment after retirement, taxable as salary income.","","","",""
"What is commuted pension?","Commuted pension is lump sum withdrawal of pension, partially exempt for non-government employees.","","","",""
"What is leave encashment?","Leave encashment is payment for unutilized leave, exempt up to limits under Section 10(10AA).","","","",""
"What is standard deduction under salary?","Standard deduction of Rs. 50,000 is available to salaried taxpayers and pensioners.","","","",""
"What is entertainment allowance deduction?","Deduction for entertainment allowance is allowed only to government employees under Section 16(ii).","","","",""
"What is professional tax deduction?","Professional tax paid is deductible from salary income under Section 16(iii).","","","",""
"Are allowances always taxable?","No, some allowances like HRA are partially exempt, while others are fully taxable.","","","",""
"What is HRA exemption?","HRA exemption is least of actual HRA, rent paid minus 10% salary, or 40/50% of salary depending on city.","","","",""
"Is medical reimbursement taxable?","Medical reimbursement is taxable, but medical insurance premium may be claimed under Section 80D.","","","",""
"Is employer-provided food coupon taxable?","Food coupons are exempt up to Rs. 50 per meal as per rules.","","","",""
"Is gift from employer taxable?","Gifts from employer exceeding Rs. 5,000 in a year are taxable as perquisite.","","","",""
"Is ESOP taxable?","Yes, ESOP is taxed as perquisite at exercise and as capital gain at sale.","","","",""
"What is Form 16?","Form 16 is TDS certificate issued by employer showing salary paid and tax deducted.","","","",""
"What is Section 192?","Section 192 deals with TDS deduction by employer on salary payments.","","","",""
"Why is salary taxation important for CA professionals?","CAs help in payroll compliance, perquisite valuation, TDS calculation, and employee tax planning.","","","",""
"What is TDS?","TDS means Tax Deducted at Source, where tax is deducted at the time of payment or credit of certain incomes.","","","",""
"Why is TDS deducted?","TDS ensures advance collection of tax and prevents tax evasion.","","","",""
"Who is responsible to deduct TDS?","The payer making specified payments is responsible to deduct TDS under the Income Tax Act.","","","",""
"When is TDS deducted?","TDS is deducted at the time of credit to payee or actual payment, whichever is earlier.","","","",""
"What is Section 194C?","Section 194C applies to TDS on payments to contractors and sub-contractors for work contracts.","","","",""
"What is the TDS rate under Section 194C?","TDS is 1% for individuals/HUF and 2% for others.","","","",""
"What is the threshold limit under Section 194C?","No TDS if single payment ≤ Rs. 30,000 and aggregate ≤ Rs. 1,00,000 in a year.","","","",""
"What is Section 194J?","Section 194J applies to TDS on professional fees, technical fees, royalty, and non-compete fees.","","","",""
"What is the TDS rate under Section 194J?","Generally 10%, but 2% for technical services and call center operations.","","","",""
"What is the threshold limit under Section 194J?","No TDS if payment does not exceed Rs. 30,000 in a financial year.","","","",""
"What is Section 194Q?","Section 194Q applies to TDS on purchase of goods exceeding specified limit by buyer.","","","",""
"Who is liable to deduct TDS under Section 194Q?","Buyer with turnover above Rs. 10 crore in previous year is liable.","","","",""
"What is the threshold under Section 194Q?","TDS applies if purchases from a seller exceed Rs. 50 lakh in a year.","","","",""
"What is the rate of TDS under Section 194Q?","TDS is deducted at 0.1% on amount exceeding Rs. 50 lakh.","","","",""
"What happens if PAN is not provided under Section 194Q?","Higher TDS at 5% is applicable if seller does not provide PAN.","","","",""
"What is Section 206C?","Section 206C deals with Tax Collected at Source (TCS) by seller on specified transactions.","","","",""
"What is difference between TDS and TCS?","TDS is deducted by payer, while TCS is collected by seller from buyer.","","","",""
"What is Section 206C(1H)?","Section 206C(1H) applies to TCS on sale of goods exceeding Rs. 50 lakh.","","","",""
"Who is liable under Section 206C(1H)?","Seller with turnover above Rs. 10 crore in previous year must collect TCS.","","","",""
"What is TCS rate under Section 206C(1H)?","TCS is 0.1% on sale consideration exceeding Rs. 50 lakh.","","","",""
"Can both 194Q and 206C(1H) apply together?","No, if buyer deducts TDS under 194Q, seller need not collect TCS under 206C(1H).","","","",""
"What is Form 26AS?","Form 26AS is tax credit statement showing TDS/TCS deducted and deposited against PAN.","","","",""
"What is TDS return?","TDS return is quarterly statement filed by deductor showing TDS details.","","","",""
"What is penalty for late filing of TDS return?","Late filing fee under Section 234E is Rs. 200 per day until return is filed.","","","",""
"Why is TDS compliance critical for CA professionals?","CAs ensure correct deduction, timely deposit, return filing, and avoid interest and penalties.","","","",""
"What are Capital Gains under Income Tax Act?","Capital gains arise when a capital asset is transferred and profit is earned from such transfer.","","","",""
"What is a capital asset?","A capital asset includes property, shares, securities, land, building, or any investment held by taxpayer.","","","",""
"What is transfer of capital asset?","Transfer includes sale, exchange, relinquishment, compulsory acquisition, or extinguishment of rights in asset.","","","",""
"What are Short-Term Capital Gains (STCG)?","STCG arises when a capital asset is held for a short period before transfer.","","","",""
"What are Long-Term Capital Gains (LTCG)?","LTCG arises when a capital asset is held for more than the prescribed holding period before transfer.","","","",""
"What is holding period for shares and equity mutual funds?","For listed shares and equity mutual funds, holding period above 12 months makes it long-term.","","","",""
"What is holding period for immovable property?","For land or building, holding period above 24 months makes it long-term.","","","",""
"How is capital gain calculated?","Capital Gain = Sale Consideration minus Cost of Acquisition minus Cost of Improvement minus Transfer Expenses.","","","",""
"What is indexed cost of acquisition?","Indexed cost adjusts purchase cost for inflation using Cost Inflation Index for LTCG computation.","","","",""
"Is indexation benefit available for STCG?","No, indexation benefit is available only for long-term capital assets.","","","",""
"What is Section 111A?","Section 111A provides concessional tax rate of 15% on STCG from equity shares and equity mutual funds with STT paid.","","","",""
"What is Section 112A?","Section 112A taxes LTCG on listed equity shares and equity mutual funds above Rs. 1 lakh at 10% without indexation.","","","",""
"What is exemption limit under Section 112A?","LTCG up to Rs. 1 lakh in a year is exempt for equity shares and equity mutual funds.","","","",""
"What is STT?","Securities Transaction Tax is tax levied on purchase and sale of listed securities on stock exchange.","","","",""
"What is Section 54 exemption?","Section 54 provides exemption on LTCG from sale of residential house if invested in another residential house.","","","",""
"What is the time limit for investment under Section 54?","New house must be purchased within 1 year before or 2 years after sale, or constructed within 3 years.","","","",""
"What is Section 54EC exemption?","Section 54EC provides exemption if LTCG from land/building is invested in specified bonds like NHAI or REC.","","","",""
"What is maximum investment allowed under Section 54EC?","Maximum investment allowed is Rs. 50 lakh in a financial year.","","","",""
"What is Section 54F exemption?","Section 54F provides exemption on LTCG from sale of any asset other than house if invested in residential house.","","","",""
"When is Section 54F not available?","Exemption not available if taxpayer owns more than one residential house on date of transfer.","","","",""
"What is capital loss?","Capital loss occurs when transfer value is less than cost of acquisition of capital asset.","","","",""
"Can capital losses be set off?","Yes, STCL can be set off against STCG and LTCG, while LTCL can be set off only against LTCG.","","","",""
"Can capital losses be carried forward?","Yes, capital losses can be carried forward for 8 assessment years if return filed on time.","","","",""
"Is advance tax applicable on capital gains?","Yes, advance tax must be paid if total tax liability including capital gains exceeds prescribed limit.","","","",""
"Why is capital gains taxation important for CA professionals?","CAs handle computation, exemptions, planning, and compliance for property and investment transactions.","","","",""
"What is corporate tax?","Corporate tax is income tax payable by companies on their taxable profits under the Income Tax Act.","","","",""
"Which companies are liable to pay corporate tax in India?","Both domestic companies and foreign companies earning income in India are liable to corporate tax.","","","",""
"What is a domestic company?","A domestic company is an Indian company or a foreign company that has made prescribed arrangements for dividend declaration in India.","","","",""
"What is the normal corporate tax rate for domestic companies?","Domestic companies are taxed at rates specified under Finance Act, depending on turnover and applicable sections.","","","",""
"What is Section 115BAA?","Section 115BAA provides concessional tax rate of 22% for domestic companies subject to conditions.","","","",""
"What conditions apply under Section 115BAA?","Company must forego certain exemptions and deductions like additional depreciation and MAT credit.","","","",""
"What is Section 115BAB?","Section 115BAB provides concessional tax rate of 15% for new manufacturing domestic companies subject to conditions.","","","",""
"What is Minimum Alternate Tax (MAT)?","MAT ensures that companies with low taxable income but high book profits pay minimum tax.","","","",""
"What is Section 115JB?","Section 115JB is the provision for levy of MAT on companies based on book profits.","","","",""
"When is MAT applicable?","MAT applies when income tax payable under normal provisions is less than MAT on book profits.","","","",""
"What is the MAT rate under Section 115JB?","MAT is generally levied at 15% of book profit plus surcharge and cess.","","","",""
"What is book profit for MAT purposes?","Book profit is net profit as per profit and loss account adjusted with specified additions and deductions.","","","",""
"What are common additions while computing book profit?","Income tax provision, deferred tax, reserves, and unascertained liabilities are added back.","","","",""
"What are common deductions while computing book profit?","Exempt income, depreciation adjustments, and brought forward loss as per books are deducted.","","","",""
"What is MAT credit?","MAT credit is the excess MAT paid over normal tax, which can be carried forward for future set-off.","","","",""
"For how many years MAT credit can be carried forward?","MAT credit can be carried forward for 15 assessment years.","","","",""
"When can MAT credit be utilized?","MAT credit can be set off when normal tax liability exceeds MAT liability in future years.","","","",""
"Is MAT applicable to companies opting for Section 115BAA?","No, MAT does not apply to companies opting for Section 115BAA.","","","",""
"Is MAT applicable to foreign companies?","MAT applies to foreign companies only in specified cases, mainly when they have a place of business in India.","","","",""
"What is Alternate Minimum Tax (AMT)?","AMT is similar to MAT but applies to non-corporate taxpayers claiming certain deductions.","","","",""
"What is surcharge in corporate tax?","Surcharge is an additional tax levied on companies if income exceeds specified thresholds.","","","",""
"What is health and education cess?","Cess is additional levy of 4% on income tax plus surcharge.","","","",""
"What is advance tax for companies?","Companies must pay tax in instalments during the year if liability exceeds Rs. 10,000.","","","",""
"Why is corporate tax planning important?","Corporate tax planning helps companies reduce liability legally through correct deductions and regime selection.","","","",""
"Why is MAT important for CA professionals?","CAs ensure correct computation of book profit, MAT liability, and proper utilization of MAT credit.","","","",""
"What is tax audit under Income Tax Act?","Tax audit is an audit of books of accounts conducted under Section 44AB to ensure correct reporting of income and compliance.","","","",""
"Who is required to get tax audit done under Section 44AB?","Businesses exceeding turnover limit and professionals exceeding gross receipts limit must get tax audit done.","","","",""
"What is Form 3CD?","Form 3CD is the detailed statement of particulars required to be furnished along with tax audit report.","","","",""
"What is Form 3CA?","Form 3CA is tax audit report where accounts are already audited under other laws like Companies Act.","","","",""
"What is Form 3CB?","Form 3CB is tax audit report where accounts are not audited under any other law.","","","",""
"What is Clause 1 of Form 3CD?","Clause 1 requires reporting of name and address of assessee.","","","",""
"What is Clause 4 of Form 3CD?","Clause 4 requires reporting of whether assessee is liable to audit under any other law.","","","",""
"What is Clause 8 of Form 3CD?","Clause 8 requires reporting of relevant assessment year and financial year.","","","",""
"What is Clause 9 of Form 3CD?","Clause 9 requires reporting of details of partners or members in case of firm or AOP.","","","",""
"What is Clause 10 of Form 3CD?","Clause 10 requires reporting of nature of business or profession carried on by assessee.","","","",""
"What is Clause 11 of Form 3CD?","Clause 11 requires reporting of books of accounts maintained and their location.","","","",""
"What is Clause 13 of Form 3CD?","Clause 13 requires reporting of method of accounting followed and any change therein.","","","",""
"What is Clause 14 of Form 3CD?","Clause 14 requires reporting of valuation method of closing stock and any deviation.","","","",""
"What is Clause 15 of Form 3CD?","Clause 15 requires reporting of profits and gains under presumptive taxation schemes.","","","",""
"What is Clause 16 of Form 3CD?","Clause 16 requires reporting of amounts not credited to profit and loss account being capital receipts.","","","",""
"What is Clause 17 of Form 3CD?","Clause 17 requires reporting of transfer of land or building under Section 43CA or 50C.","","","",""
"What is Clause 18 of Form 3CD?","Clause 18 requires reporting of depreciation details as per Income Tax Act.","","","",""
"What is Clause 19 of Form 3CD?","Clause 19 requires reporting of deductions under Chapter VI-A like 80C to 80U.","","","",""
"What is Clause 20 of Form 3CD?","Clause 20 requires reporting of employee welfare contributions like PF and ESI.","","","",""
"What is Clause 21 of Form 3CD?","Clause 21 requires reporting of disallowances under Sections 40A, 43B, etc.","","","",""
"What is Clause 22 of Form 3CD?","Clause 22 requires reporting of payments to specified persons under Section 40A(2)(b).","","","",""
"What is Clause 23 of Form 3CD?","Clause 23 requires reporting of payments made without TDS or with late TDS under Section 40(a).","","","",""
"What is Clause 26 of Form 3CD?","Clause 26 requires reporting of liabilities under Section 43B not paid before due date.","","","",""
"What is Clause 27 of Form 3CD?","Clause 27 requires reporting of CENVAT, GST credit treatment in books of accounts.","","","",""
"Why is Form 3CD important for CA professionals?","Form 3CD ensures detailed compliance reporting and helps avoid penalties, scrutiny issues, and disallowances.","","","",""
"What is income tax assessment?","Assessment is the process of determining taxable income and tax liability of a taxpayer by the Income Tax Department.","","","",""
"What is Section 143(1) intimation?","Section 143(1) intimation is preliminary processing of return with adjustments for arithmetical errors or mismatches.","","","",""
"Is Section 143(1) an assessment?","No, it is only an intimation and not a detailed scrutiny assessment.","","","",""
"What is Section 143(2) notice?","Section 143(2) notice is issued when the return is selected for scrutiny assessment.","","","",""
"Why is Section 143(2) notice issued?","It is issued to verify correctness of income, deductions, exemptions, and claims made in the return.","","","",""
"What is the time limit to issue notice under Section 143(2)?","Notice must be issued within 3 months from end of financial year in which return is filed.","","","",""
"What is scrutiny assessment under Section 143(3)?","Scrutiny assessment is detailed examination of return after hearing taxpayer and verifying documents.","","","",""
"What is Section 142(1) notice?","Section 142(1) notice is issued to call for information, accounts, or documents before assessment.","","","",""
"What happens if taxpayer ignores Section 142(1) notice?","Non-compliance may lead to best judgment assessment and penalty proceedings.","","","",""
"What is best judgment assessment under Section 144?","Section 144 assessment is made by AO based on available information if taxpayer fails to comply with notices.","","","",""
"What is reassessment under Section 147?","Section 147 allows reopening of assessment if income has escaped assessment.","","","",""
"What is Section 148 notice?","Section 148 notice is issued to taxpayer for filing return when reassessment proceedings are initiated.","","","",""
"When can Section 148 notice be issued?","It can be issued if AO has reason to believe income chargeable to tax has escaped assessment.","","","",""
"What is Section 148A?","Section 148A provides procedure of inquiry and opportunity of hearing before issuing notice under Section 148.","","","",""
"What is demand notice under Section 156?","Section 156 notice is issued for payment of tax, interest, penalty, or other sum payable.","","","",""
"What is the time limit to pay demand under Section 156?","Demand must generally be paid within 30 days from date of notice.","","","",""
"What is Section 245 adjustment?","Section 245 allows department to adjust refund against outstanding tax demand after intimation.","","","",""
"What is rectification under Section 154?","Section 154 allows correction of mistakes apparent from record in assessment orders or intimations.","","","",""
"What is penalty for non-compliance of notices?","Penalty may be levied under Section 272A and prosecution may apply in serious cases.","","","",""
"What is faceless assessment?","Faceless assessment is an electronic assessment system without physical interaction between taxpayer and AO.","","","",""
"What is DIN in income tax notices?","Document Identification Number ensures authenticity of notices issued by department.","","","",""
"Can a taxpayer respond online to notices?","Yes, responses can be submitted through e-filing portal under e-Proceedings.","","","",""
"What is scrutiny selection criteria?","Cases are selected based on risk parameters, high-value transactions, mismatches, or random selection.","","","",""
"What is importance of timely response to notices?","Timely response avoids ex-parte orders, penalties, and unnecessary litigation.","","","",""
"Why is notice handling important for CA professionals?","CAs represent clients, draft replies, ensure compliance, and manage assessment proceedings effectively.","","","",""
"What is ROC compliance?","ROC compliance refers to mandatory filings and reporting requirements under Companies Act with Registrar of Companies.","","","",""
"What is ROC?","ROC is Registrar of Companies, responsible for regulation and compliance of companies registered under Companies Act.","","","",""
"What is MCA portal?","MCA portal is Ministry of Corporate Affairs online platform for company filings and compliance submissions.","","","",""
"What is annual filing in company law?","Annual filing means submitting yearly financial statements and annual return with ROC.","","","",""
"What is Form AOC-4?","AOC-4 is filed for submission of financial statements including balance sheet, profit and loss, and auditor report.","","","",""
"What is Form MGT-7?","MGT-7 is annual return form containing company details, shareholding, directors, and compliance information.","","","",""
"What is the due date for AOC-4 filing?","AOC-4 must be filed within 30 days from the date of Annual General Meeting.","","","",""
"What is the due date for MGT-7 filing?","MGT-7 must be filed within 60 days from the date of Annual General Meeting.","","","",""
"What is AGM?","AGM is Annual General Meeting where shareholders approve accounts and appoint auditors.","","","",""
"Is AGM mandatory for all companies?","Yes, every company must hold AGM each year except certain One Person Companies.","","","",""
"What is Form ADT-1?","ADT-1 is filed for appointment of auditor within 15 days of AGM.","","","",""
"What is DIR-3 KYC?","DIR-3 KYC is mandatory KYC filing for directors having DIN to remain active.","","","",""
"What is DIN?","DIN is Director Identification Number allotted to individuals appointed as directors.","","","",""
"What is Form DIR-12?","DIR-12 is filed for appointment, resignation, or change in directors or key managerial personnel.","","","",""
"What is Form INC-22?","INC-22 is filed for change of registered office address of the company.","","","",""
"What is Form INC-20A?","INC-20A is declaration of commencement of business filed by newly incorporated companies.","","","",""
"What is the due date for INC-20A?","INC-20A must be filed within 180 days from incorporation of company.","","","",""
"What is Form PAS-3?","PAS-3 is return of allotment filed when company issues shares.","","","",""
"What is Form SH-7?","SH-7 is filed for alteration in share capital of the company.","","","",""
"What is Form MGT-14?","MGT-14 is filed for registration of resolutions passed by board or shareholders.","","","",""
"What is penalty for late ROC filing?","Late filing attracts additional fees per day and may lead to penalties on company and directors.","","","",""
"What is event-based compliance?","Event-based compliance refers to ROC filings triggered by specific events like share allotment or director change.","","","",""
"What is statutory audit under Companies Act?","Statutory audit is mandatory audit of company financials by a Chartered Accountant.","","","",""
"What is compliance requirement for private limited company?","Private companies must file annual returns, financial statements, maintain registers, and conduct meetings.","","","",""
"Why is ROC compliance important for CA professionals?","CAs ensure timely filings, avoid penalties, and maintain legal status of companies under Companies Act.","","","",""
"What is GST Annual Return?","GST Annual Return is a yearly summary return filed by registered taxpayers showing outward and inward supplies and tax paid.","","","",""
"What is GSTR-9?","GSTR-9 is the annual return to be filed by regular GST registered taxpayers.","","","",""
"Who is required to file GSTR-9?","All regular taxpayers registered under GST must file GSTR-9 unless specifically exempted.","","","",""
"What is the due date for filing GSTR-9?","GSTR-9 is generally due on or before 31st December following the end of financial year.","","","",""
"Is GSTR-9 mandatory for all taxpayers?","Filing may be waived for small taxpayers below prescribed turnover limit in certain years.","","","",""
"What is GSTR-9A?","GSTR-9A was annual return for composition taxpayers, now largely discontinued.","","","",""
"What is GSTR-9C?","GSTR-9C is GST reconciliation statement and audit report certified by CA/CMA.","","","",""
"Who is liable to file GSTR-9C?","Taxpayers exceeding prescribed turnover limit must file GSTR-9C along with annual return.","","","",""
"What is the purpose of GSTR-9C?","It reconciles turnover, tax paid, and input tax credit between GST returns and audited financial statements.","","","",""
"What is GST audit?","GST audit is examination of records to ensure correctness of turnover, tax payment, and ITC claims.","","","",""
"What is reconciliation in GST annual return?","Reconciliation means matching GST return data with books of accounts and financial statements.","","","",""
"Can GSTR-9 be revised after filing?","No, GSTR-9 cannot be revised once filed.","","","",""
"What details are reported in GSTR-9?","Outward supplies, inward supplies, ITC claimed, tax paid, demands, refunds, and amendments are reported.","","","",""
"What is input tax credit reconciliation?","ITC reconciliation ensures ITC claimed matches GSTR-2B, supplier filings, and books.","","","",""
"What is GSTR-2B relevance in annual return?","GSTR-2B is used to verify eligible ITC before reporting final ITC in annual return.","","","",""
"What happens if there is mismatch in annual return?","Mismatch may lead to notices, additional tax liability, interest, or audit scrutiny.","","","",""
"Is late fee applicable for GSTR-9?","Yes, late fee is applicable subject to maximum limit based on turnover.","","","",""
"What is turnover limit for GST audit applicability?","GST audit applicability depends on turnover thresholds notified by government from time to time.","","","",""
"What is difference between GSTR-9 and GSTR-9C?","GSTR-9 is annual return, while GSTR-9C is reconciliation and certification report.","","","",""
"What is Part A of GSTR-9C?","Part A contains reconciliation details of turnover, tax, and ITC.","","","",""
"What is Part B of GSTR-9C?","Part B contains certification by Chartered Accountant or Cost Accountant.","","","",""
"Can additional tax be paid through GSTR-9?","Yes, additional liability can be paid through DRC-03 while filing annual return.","","","",""
"What is DRC-03?","DRC-03 is a form used for voluntary payment of GST liability, interest, or penalty.","","","",""
"Why is GST annual return important for businesses?","It ensures yearly compliance, reduces risk of notices, and provides final tax reconciliation.","","","",""
"Why is GST audit important for CA professionals?","CAs ensure correct reconciliation, compliance reporting, and help clients avoid GST litigation and penalties.","","","",""
"What is Transfer Pricing?","Transfer pricing refers to pricing of transactions between related parties, especially across international borders.","","","",""
"Why is transfer pricing important?","It ensures that profits are not shifted artificially to low-tax jurisdictions through manipulated pricing.","","","",""
"What is an international transaction?","An international transaction is a transaction between two or more associated enterprises where at least one is non-resident.","","","",""
"Who are Associated Enterprises (AEs)?","Associated enterprises are related entities having significant control, management, or ownership as defined under Section 92A.","","","",""
"Which section governs transfer pricing in India?","Transfer pricing provisions are governed under Sections 92 to 92F of the Income Tax Act.","","","",""
"What is Arm’s Length Price (ALP)?","Arm’s length price is the price that would be charged between unrelated parties under similar conditions.","","","",""
"What is the objective of ALP?","The objective is to ensure fair pricing and prevent tax avoidance through related party transactions.","","","",""
"What are the main transfer pricing methods?","Methods include CUP, RPM, CPM, PSM, TNMM, and other prescribed methods.","","","",""
"What is CUP method?","Comparable Uncontrolled Price method compares price charged in controlled transaction with uncontrolled transaction.","","","",""
"What is Resale Price Method (RPM)?","RPM is used when goods are purchased from AE and resold to unrelated parties, focusing on gross margin.","","","",""
"What is Cost Plus Method (CPM)?","CPM determines ALP by adding an appropriate markup to the cost incurred in supplying goods/services.","","","",""
"What is Profit Split Method (PSM)?","PSM allocates combined profits from controlled transactions among AEs based on contribution.","","","",""
"What is TNMM?","Transactional Net Margin Method compares net profit margin relative to base like sales, cost, or assets.","","","",""
"Which method is most commonly used in practice?","TNMM is most commonly used due to availability of comparable data.","","","",""
"What is transfer pricing documentation?","Documentation includes maintaining records to justify ALP and compliance under Section 92D.","","","",""
"What is Form 3CEB?","Form 3CEB is transfer pricing audit report filed by CA for international transactions.","","","",""
"Who is required to file Form 3CEB?","Any taxpayer entering into international transaction or specified domestic transaction must file Form 3CEB.","","","",""
"What is the due date for Form 3CEB?","Form 3CEB is filed on or before due date of filing return under Section 139(1) for TP cases.","","","",""
"What are specified domestic transactions?","Transactions between related parties within India exceeding threshold, covered under Section 92BA.","","","",""
"What is penalty for non-maintenance of TP documents?","Penalty under Section 271AA may be levied for failure to maintain or furnish documentation.","","","",""
"What is penalty for not filing Form 3CEB?","Penalty under Section 271BA of Rs. 1,00,000 may be imposed.","","","",""
"What is transfer pricing adjustment?","Adjustment is addition made by tax authorities if transaction price differs from ALP.","","","",""
"What is APA in transfer pricing?","Advance Pricing Agreement is agreement between taxpayer and department on ALP determination for future years.","","","",""
"What is safe harbour rule?","Safe harbour provides circumstances where declared transfer price is accepted without detailed scrutiny.","","","",""
"Why is transfer pricing important for CA professionals?","CAs ensure ALP compliance, documentation, reporting, and help clients avoid heavy TP adjustments and penalties.","","","",""
"What is an income tax appeal?","An income tax appeal is a legal remedy available to taxpayer against assessment orders or penalties passed by tax authorities.","","","",""
"Who can file an appeal under Income Tax Act?","Any taxpayer aggrieved by an order of Assessing Officer or other authority can file an appeal.","","","",""
"What is the first appellate authority in income tax?","The first appellate authority is Commissioner of Income Tax (Appeals), known as CIT(A).","","","",""
"When can appeal be filed before CIT(A)?","Appeal can be filed against assessment order, penalty order, or intimation involving adjustments.","","","",""
"What is the time limit to file appeal before CIT(A)?","Appeal must be filed within 30 days from the date of receipt of order or notice.","","","",""
"What is Form 35?","Form 35 is the prescribed form for filing appeal before CIT(A).","","","",""
"Is appeal filing online or offline?","Appeals are filed electronically through the income tax e-filing portal.","","","",""
"What is appeal fee for filing before CIT(A)?","Appeal fee depends on assessed income and ranges from Rs. 250 to Rs. 10,000.","","","",""
"Can CIT(A) enhance assessment?","Yes, CIT(A) has power to confirm, reduce, annul, or enhance the assessment.","","","",""
"What is the role of CIT(A)?","CIT(A) reviews assessment order, considers evidence, and provides relief if justified.","","","",""
"What is second appeal in income tax?","Second appeal lies before Income Tax Appellate Tribunal (ITAT) against order of CIT(A).","","","",""
"What is ITAT?","ITAT is independent judicial body hearing appeals on income tax matters.","","","",""
"What is the time limit to file appeal before ITAT?","Appeal must be filed within 60 days from date of CIT(A) order.","","","",""
"What is Form 36?","Form 36 is prescribed form for filing appeal before ITAT.","","","",""
"Can ITAT decide questions of fact and law?","Yes, ITAT is final fact-finding authority and decides both facts and legal issues.","","","",""
"What is rectification of appellate order?","Mistakes apparent from record in ITAT order can be rectified under Section 254(2).","","","",""
"What is further appeal after ITAT?","Appeal can be filed before High Court if substantial question of law arises.","","","",""
"What is the time limit for appeal to High Court?","Appeal must be filed within 120 days from date of ITAT order.","","","",""
"When can appeal be filed to Supreme Court?","Appeal to Supreme Court lies against High Court judgment if significant legal issue exists.","","","",""
"What is stay of demand?","Stay of demand means temporary suspension of tax recovery proceedings during appeal.","","","",""
"Can taxpayer get stay of demand?","Yes, taxpayer can apply for stay before AO, CIT(A), ITAT, or higher courts.","","","",""
"What is revision under Section 264?","Section 264 allows taxpayer to seek revision of order by Commissioner instead of appeal in certain cases.","","","",""
"What is revision under Section 263?","Section 263 allows Commissioner to revise assessment order if it is erroneous and prejudicial to revenue.","","","",""
"What is importance of documentation in appeals?","Proper documentation and evidence are crucial for success in appellate proceedings.","","","",""
"Why are appeals important for CA professionals?","CAs represent clients, draft grounds of appeal, argue cases, and manage tax litigation effectively.","","","",""
"What is internal audit?","Internal audit is an independent review of an organization’s operations, controls, and processes to ensure efficiency and compliance.","","","",""
"What is the main objective of internal audit?","The objective is to evaluate internal controls, manage risks, and improve governance processes.","","","",""
"How is internal audit different from statutory audit?","Internal audit is for internal management control, while statutory audit is mandatory legal audit for financial reporting.","","","",""
"What are internal controls?","Internal controls are policies and procedures designed to safeguard assets and ensure accurate financial reporting.","","","",""
"What is risk in audit terms?","Risk is the possibility of loss, error, fraud, or non-compliance affecting business objectives.","","","",""
"What is risk assessment in internal audit?","Risk assessment is identifying and evaluating risks to prioritize audit focus areas.","","","",""
"What is audit planning?","Audit planning is preparing scope, objectives, timeline, and resources before conducting audit.","","","",""
"What is an audit program?","Audit program is a structured list of audit procedures to be performed during audit.","","","",""
"What is control environment?","Control environment refers to organizational culture, ethics, and governance affecting internal controls.","","","",""
"What is segregation of duties?","Segregation of duties means dividing responsibilities to prevent fraud and errors.","","","",""
"What is operational audit?","Operational audit reviews efficiency and effectiveness of business operations.","","","",""
"What is compliance audit?","Compliance audit checks adherence to laws, regulations, and internal policies.","","","",""
"What is financial audit under internal audit?","It involves verifying accounting records and financial transactions for accuracy.","","","",""
"What is fraud risk management?","Fraud risk management involves controls and monitoring to prevent and detect fraud.","","","",""
"What are red flags in internal audit?","Red flags are warning signs such as unusual transactions, override of controls, or missing documentation.","","","",""
"What is internal check system?","Internal check system ensures work of one employee is automatically verified by another.","","","",""
"What is substantive testing?","Substantive testing involves verifying transactions and balances directly with evidence.","","","",""
"What is test of controls?","Test of controls checks whether internal controls are operating effectively.","","","",""
"What is audit evidence?","Audit evidence is information used by auditor to support audit conclusions.","","","",""
"What is an internal audit report?","It is a formal document highlighting findings, weaknesses, and recommendations.","","","",""
"What is management response in audit?","Management response includes actions planned to address audit observations.","","","",""
"What is follow-up audit?","Follow-up audit checks whether corrective actions on previous findings are implemented.","","","",""
"What is corporate governance role in internal audit?","Internal audit supports governance by ensuring accountability, transparency, and risk management.","","","",""
"Why is internal audit important for businesses?","It helps prevent fraud, improve efficiency, ensure compliance, and strengthen controls.","","","",""
"Why is internal audit important for CA professionals?","CAs play key role in evaluating controls, risk management, and providing assurance to management.","","","",""
